Chain,Token Symbol,Token Name,Token ID,Pool ID,Token0 ID,Token0 Symbol,Token0 Name,Token1 ID,Token1 Symbol,Token1 Name
Ethereum Mainnet,BTC,Bitcoin | t.me/BitcoinCoreGroup,0x0ed7787b6f5ee00976fa376d04d5b835e48fc42b,0x191e039a94152d8a4675342f40c80673576081b7,0x0ed7787b6f5ee00976fa376d04d5b835e48fc42b,BTC,Bitcoin | t.me/BitcoinCoreGroup,0xa0b86991c6218b36c1d19d4a2e9eb0ce3606eb48,USDC,USD Coin
Ethereum Mainnet,BTC,Bitcoin | t.me/BitcoinCoreGroup,0x0ed7787b6f5ee00976fa376d04d5b835e48fc42b,0x8e1cae67695275d857f691edb7472a2fa156cbe7,0x0ed7787b6f5ee00976fa376d04d5b835e48fc42b,BTC,Bitcoin | t.me/BitcoinCoreGroup,0xc02aaa39b223fe8d0a0e5c4f27ead9083c756cc2,WETH,Wrapped Ether
Ethereum Mainnet,BTC,Boost Trump Campaign,0x300e0d87f8c95d90cfe4b809baa3a6c90e83b850,0x172b9640cdb50f368f57410343cf7a7f2e45f341,0x300e0d87f8c95d90cfe4b809baa3a6c90e83b850,BTC,Boost Trump Campaign,0xc02aaa39b223fe8d0a0e5c4f27ead9083c756cc2,WETH,Wrapped Ether
Ethereum Mainnet,BTC,Bitcash,0x8fee37116e2beedfd28ed002cfa7162c97a2f573,0x34303d20cae3a59fd1e4963a7ac7fca880cf6efb,0x8fee37116e2beedfd28ed002cfa7162c97a2f573,BTC,Bitcash,0xc02aaa39b223fe8d0a0e5c4f27ead9083c756cc2,WETH,Wrapped Ether
Ethereum Mainnet,BTC,BTC,0xa6a180ceced5ea87c5fa3afba69cfdfba22e3908,0x1f5858c8e812daca20517ce1921e604545850a88,0xa6a180ceced5ea87c5fa3afba69cfdfba22e3908,BTC,BTC,0xc02aaa39b223fe8d0a0e5c4f27ead9083c756cc2,WETH,Wrapped Ether
Ethereum Mainnet,BTC,BTC Plus,0xce65b59a3dea8bed78837a72983bda835d9a0229,0x6f4c5b6db53d090c368ac49eecc276632ff7255d,0xc02aaa39b223fe8d0a0e5c4f27ead9083c756cc2,WETH,Wrapped Ether,0xce65b59a3dea8bed78837a72983bda835d9a0229,BTC,BTC Plus
Ethereum Mainnet,BTC,Bitcoin,0xdf6c9a894fe80b8da1a2489e323799268229b18c,0x569373286ff5a4349142c63b183782184c5bdf35,0xc02aaa39b223fe8d0a0e5c4f27ead9083c756cc2,WETH,Wrapped Ether,0xdf6c9a894fe80b8da1a2489e323799268229b18c,BTC,Bitcoin
Ethereum Mainnet,BTC,BTC404,0xe582c7d25dd2a9e48209e1a746ab546449aef3ae,0x8ce9c93440da4ba8fc15b7357f00d1346d3b75e9,0xc02aaa39b223fe8d0a0e5c4f27ead9083c756cc2,WETH,Wrapped Ether,0xe582c7d25dd2a9e48209e1a746ab546449aef3ae,BTC,BTC404
Ethereum Mainnet,BTC,Bitcorn,0xe8a25c46d623f12b8ba08b583b6fe1bee3eb31c9,0x81fdb4eaf86d8ae4361e0e0aab576223ee7c0c6c,0xc02aaa39b223fe8d0a0e5c4f27ead9083c756cc2,WETH,Wrapped Ether,0xe8a25c46d623f12b8ba08b583b6fe1bee3eb31c9,BTC,Bitcorn
Ethereum Mainnet,BTC,Bitcoin,0xed922fb734ff29dd10b69f1d79ae7971d1c8b68b,0xdf805192f23f7b6e0bc554a4e0e4dee92ed81d67,0xc02aaa39b223fe8d0a0e5c4f27ead9083c756cc2,WETH,Wrapped Ether,0xed922fb734ff29dd10b69f1d79ae7971d1c8b68b,BTC,Bitcoin
Ethereum Mainnet,ETH,小学生,0x065a049b5be75e4f1d29a03c6edb5acc1a4e3b93,0xcd34e59f3ec276dba93a897ed48f1f527eadf96f,0x065a049b5be75e4f1d29a03c6edb5acc1a4e3b93,ETH,小学生,0xc02aaa39b223fe8d0a0e5c4f27ead9083c756cc2,WETH,Wrapped Ether
Ethereum Mainnet,ETH,Sosatbiby,0x073fb7709e6f6b8eb4365a442c3103183f735234,0x15e9de9006a3cd5601aecb20960e5c891cb3a77c,0x073fb7709e6f6b8eb4365a442c3103183f735234,ETH,Sosatbiby,0xc02aaa39b223fe8d0a0e5c4f27ead9083c756cc2,WETH,Wrapped Ether
Ethereum Mainnet,ETH,Ethereum,0x374e2e0b414f5043e7afefdb7f2be47bcb9e349d,0x84c384dfe39d7d8e298b47bd88d6b44dfec00ec5,0x374e2e0b414f5043e7afefdb7f2be47bcb9e349d,ETH,Ethereum,0xc02aaa39b223fe8d0a0e5c4f27ead9083c756cc2,WETH,Wrapped Ether
Ethereum Mainnet,ETH,Ethereum,0x497460a68d3c630fd41dd1221554aa6374d93688,0x97035ea952b76739a1d37729d60709f2ef425211,0x497460a68d3c630fd41dd1221554aa6374d93688,ETH,Ethereum,0xc02aaa39b223fe8d0a0e5c4f27ead9083c756cc2,WETH,Wrapped Ether
Ethereum Mainnet,ETH,Ethereum,0x497460a68d3c630fd41dd1221554aa6374d93688,0xeb9051649c1dd99e5ea93e932239e4c29673aa2a,0x497460a68d3c630fd41dd1221554aa6374d93688,ETH,Ethereum,0xc02aaa39b223fe8d0a0e5c4f27ead9083c756cc2,WETH,Wrapped Ether
Ethereum Mainnet,ETH,RETARDED ETH,0x4f096aa6f602477ae7c0dca9248689583c9e17b4,0xd94cabbc23af412260a9bd6b89f593accfebf040,0x4f096aa6f602477ae7c0dca9248689583c9e17b4,ETH,RETARDED ETH,0xc02aaa39b223fe8d0a0e5c4f27ead9083c756cc2,WETH,Wrapped Ether
Ethereum Mainnet,ETH,ETH,0x5884658a803a3655e8955b202cad9956339649dc,0x1974f23344bf728fc5e0d5a04ca8e2b0a6533de4,0x5884658a803a3655e8955b202cad9956339649dc,ETH,ETH,0xc02aaa39b223fe8d0a0e5c4f27ead9083c756cc2,WETH,Wrapped Ether
Ethereum Mainnet,ETH,ethereum is back,0x5d4297f2adfadd4c3e6d15fe55bad1a7e2a9ba93,0x11ec5e0fda180c6f63ab3bec59d09cc7671b20fb,0x5d4297f2adfadd4c3e6d15fe55bad1a7e2a9ba93,ETH,ethereum is back,0xc02aaa39b223fe8d0a0e5c4f27ead9083c756cc2,WETH,Wrapped Ether
Ethereum Mainnet,ETH,Ethereum Token,0x5dbbb101cdc29443d12055ecdddd7ca037dce721,0xe3b172e73f54744904adbb4337cfb0df4cb55dba,0x5dbbb101cdc29443d12055ecdddd7ca037dce721,ETH,Ethereum Token,0xc02aaa39b223fe8d0a0e5c4f27ead9083c756cc2,WETH,Wrapped Ether
Ethereum Mainnet,ETH,Make Memes Great Again,0x8ccb2275c3bea3137449e5d1a89e899f5aca8488,0xbaf354a3c010a0cf0d94945190ea5ebf361d46dd,0x8ccb2275c3bea3137449e5d1a89e899f5aca8488,ETH,Make Memes Great Again,0xc02aaa39b223fe8d0a0e5c4f27ead9083c756cc2,WETH,Wrapped Ether
Ethereum Mainnet,ETH,ETH,0x9a9f97eadf4de618a2eaf7f3bb10f05a291f0b06,0x91d76ca744fab65ba290ae08a425b37d70ef3e69,0x9a9f97eadf4de618a2eaf7f3bb10f05a291f0b06,ETH,ETH,0xdac17f958d2ee523a2206206994597c13d831ec7,USDT,Tether USD
Ethereum Mainnet,ETH,Ethereum,0xb9a5b182f8ce1886d97d035595722fa4da0e9563,0x874d7461a330fdda26cb499963114c31afc056ab,0xb9a5b182f8ce1886d97d035595722fa4da0e9563,ETH,Ethereum,0xc02aaa39b223fe8d0a0e5c4f27ead9083c756cc2,WETH,Wrapped Ether
Ethereum Mainnet,ETH,Ethereum,0xb9a5b182f8ce1886d97d035595722fa4da0e9563,0xa82ad61292e012c761701b7368b8febc636f7272,0xb9a5b182f8ce1886d97d035595722fa4da0e9563,ETH,Ethereum,0xc02aaa39b223fe8d0a0e5c4f27ead9083c756cc2,WETH,Wrapped Ether
Ethereum Mainnet,ETH,Ethereum,0xb9a5b182f8ce1886d97d035595722fa4da0e9563,0xd3077cc79155465fe1daf362cc338d01965c2bac,0xb9a5b182f8ce1886d97d035595722fa4da0e9563,ETH,Ethereum,0xc02aaa39b223fe8d0a0e5c4f27ead9083c756cc2,WETH,Wrapped Ether
Ethereum Mainnet,BNB,HurricaneIdaliaReliefFundRocket16ShiaInu,0x9bcfcaeecdbfb367c4781ebfe0ce1d26a69674c9,0x804f0a58364d9d505815ef5a1131c059a672be08,0x9bcfcaeecdbfb367c4781ebfe0ce1d26a69674c9,BNB,HurricaneIdaliaReliefFundRocket16ShiaInu,0xc02aaa39b223fe8d0a0e5c4f27ead9083c756cc2,WETH,Wrapped Ether
Ethereum Mainnet,BNB,BNB,0xb8c77482e45f1f44de1745f52c74426c631bdd52,0x881b8d0b1ad9d1b1db918342b064d10afb9eaa69,0xb8c77482e45f1f44de1745f52c74426c631bdd52,BNB,BNB,0xc02aaa39b223fe8d0a0e5c4f27ead9083c756cc2,WETH,Wrapped Ether
Ethereum Mainnet,BNB,BNB,0xb8c77482e45f1f44de1745f52c74426c631bdd52,0x9e7809c21ba130c1a51c112928ea6474d9a9ae3c,0xb8c77482e45f1f44de1745f52c74426c631bdd52,BNB,BNB,0xc02aaa39b223fe8d0a0e5c4f27ead9083c756cc2,WETH,Wrapped Ether
Ethereum Mainnet,BNB,BNB,0xb9269aecd0baeb5dd5c681ecd05a4777cc86eba0,0x72cf0dc6d588ff7f419ebebe6611eb59c9e1d894,0xb9269aecd0baeb5dd5c681ecd05a4777cc86eba0,BNB,BNB,0xc02aaa39b223fe8d0a0e5c4f27ead9083c756cc2,WETH,Wrapped Ether
Ethereum Mainnet,SOL,SOLGAR,0x107b1251e8c16e26d8c1b4b37ffdd1513aeb53d0,0x99d61d749b789767078b0ea3b05ade6b39494ac7,0x107b1251e8c16e26d8c1b4b37ffdd1513aeb53d0,SOL,SOLGAR,0xc02aaa39b223fe8d0a0e5c4f27ead9083c756cc2,WETH,Wrapped Ether
Ethereum Mainnet,SOL,solo,0x7d27c2f1dac1615131a5e98be68ef1818fdfa53c,0x05bf5a5c2dc7fad0e161fa28cd0564a4b010fcf9,0x7d27c2f1dac1615131a5e98be68ef1818fdfa53c,SOL,solo,0xc02aaa39b223fe8d0a0e5c4f27ead9083c756cc2,WETH,Wrapped Ether
Ethereum Mainnet,SOL,Wrapped SOL (Wormhole),0xd31a59c85ae9d8edefec411d448f90841571b89c,0x0e3a144db9512b604c57319e09bd21db359411a5,0xc02aaa39b223fe8d0a0e5c4f27ead9083c756cc2,WETH,Wrapped Ether,0xd31a59c85ae9d8edefec411d448f90841571b89c,SOL,Wrapped SOL (Wormhole)
Ethereum Mainnet,SOL,Wrapped SOL (Wormhole),0xd31a59c85ae9d8edefec411d448f90841571b89c,0x127452f3f9cdc0389b0bf59ce6131aa3bd763598,0xc02aaa39b223fe8d0a0e5c4f27ead9083c756cc2,WETH,Wrapped Ether,0xd31a59c85ae9d8edefec411d448f90841571b89c,SOL,Wrapped SOL (Wormhole)
Ethereum Mainnet,SOL,Wrapped SOL (Wormhole),0xd31a59c85ae9d8edefec411d448f90841571b89c,0x8d00d4e2577c2f41863adc6abd39adff59ba5a42,0xc02aaa39b223fe8d0a0e5c4f27ead9083c756cc2,WETH,Wrapped Ether,0xd31a59c85ae9d8edefec411d448f90841571b89c,SOL,Wrapped SOL (Wormhole)
Ethereum Mainnet,SOL,Wrapped SOL (Wormhole),0xd31a59c85ae9d8edefec411d448f90841571b89c,0xb11d87899f93bff3f09932e03825b6bb74a227b3,0xc02aaa39b223fe8d0a0e5c4f27ead9083c756cc2,WETH,Wrapped Ether,0xd31a59c85ae9d8edefec411d448f90841571b89c,SOL,Wrapped SOL (Wormhole)
Ethereum Mainnet,SOL,Wrapped SOL (Wormhole),0xd31a59c85ae9d8edefec411d448f90841571b89c,0xb44c1973ab4948fb8fdda2313d9f28b1edc461ed,0xa0b86991c6218b36c1d19d4a2e9eb0ce3606eb48,USDC,USD Coin,0xd31a59c85ae9d8edefec411d448f90841571b89c,SOL,Wrapped SOL (Wormhole)
Ethereum Mainnet,SOL,Wrapped SOL (Wormhole),0xd31a59c85ae9d8edefec411d448f90841571b89c,0xef9eaa9493695c71eb7cb307b3bb8cbf20b92804,0xa0b86991c6218b36c1d19d4a2e9eb0ce3606eb48,USDC,USD Coin,0xd31a59c85ae9d8edefec411d448f90841571b89c,SOL,Wrapped SOL (Wormhole)
Ethereum Mainnet,XRP,X Graph network,0x11f15c224e7bed311d552a0755a20f2c0a9e8952,0xdaddaf1b6f0058bd5ee460f2336584222c7153fa,0x11f15c224e7bed311d552a0755a20f2c0a9e8952,XRP,X Graph network,0xc02aaa39b223fe8d0a0e5c4f27ead9083c756cc2,WETH,Wrapped Ether
Ethereum Mainnet,XRP,XRP Token,0x6a71b5b594f1541b6a289c4f3368765dbbbe7288,0x50203073ba199476e7727dd28b67f91e88153bf7,0x6a71b5b594f1541b6a289c4f3368765dbbbe7288,XRP,XRP Token,0x6b175474e89094c44da98b954eedeac495271d0f,DAI,Dai Stablecoin
Ethereum Mainnet,XRP,Xrp 1.0,0x72770366992c4e317236bfbb61530c66bdfe9951,0xca924901249735b55ffa40e421d03672fefaa690,0x72770366992c4e317236bfbb61530c66bdfe9951,XRP,Xrp 1.0,0xc02aaa39b223fe8d0a0e5c4f27ead9083c756cc2,WETH,Wrapped Ether
Ethereum Mainnet,XRP,WarioXrpDumbledoreYugioh69Inu,0xb1c064c3f2908f741c9dea4afc5773238b53e6cc,0x6fb9d38ae2f1b346851c8b0ce02701ca1ea6b284,0xb1c064c3f2908f741c9dea4afc5773238b53e6cc,XRP,WarioXrpDumbledoreYugioh69Inu,0xc02aaa39b223fe8d0a0e5c4f27ead9083c756cc2,WETH,Wrapped Ether
Ethereum Mainnet,XRP,XRP,0xc402cd6c3ef7cb7041f8620bebe1bb0bf03c0312,0x1f2dc0f32b93e286a51a13ed46d8f247f28cc522,0xc02aaa39b223fe8d0a0e5c4f27ead9083c756cc2,WETH,Wrapped Ether,0xc402cd6c3ef7cb7041f8620bebe1bb0bf03c0312,XRP,XRP
Ethereum Mainnet,DOGE,Dogecoin,0x4206931337dc273a630d328da6441786bfad668f,0x1ab3e7bf6c2670c9905e635a95aa84e982c9b1b2,0x4206931337dc273a630d328da6441786bfad668f,DOGE,Dogecoin,0xdac17f958d2ee523a2206206994597c13d831ec7,USDT,Tether USD
Ethereum Mainnet,DOGE,DogeElon INU,0x53def1876a3f93f083302d142538482d7f2ae65c,0xabe8ae0d2cf42d623e6d33656c67528f418aa835,0x53def1876a3f93f083302d142538482d7f2ae65c,DOGE,DogeElon INU,0x6b175474e89094c44da98b954eedeac495271d0f,DAI,Dai Stablecoin
Ethereum Mainnet,DOGE,HarryPotterObamaSonic888InuAllFuckedYoMomma,0x995d37d9b5630f5b768fc1cca21f7f5046069420,0x02285c32dee75288712f2610caa0512101232e82,0x995d37d9b5630f5b768fc1cca21f7f5046069420,DOGE,HarryPotterObamaSonic888InuAllFuckedYoMomma,0xc02aaa39b223fe8d0a0e5c4f27ead9083c756cc2,WETH,Wrapped Ether
Ethereum Mainnet,DOGE,Doge404,0xd06e1478018762b7d89f89fcaccdb1791f77508e,0x7d229bb4ad66542085dbcce0a24b4351ef418316,0xc02aaa39b223fe8d0a0e5c4f27ead9083c756cc2,WETH,Wrapped Ether,0xd06e1478018762b7d89f89fcaccdb1791f77508e,DOGE,Doge404
Ethereum Mainnet,DOGE,Dogecoin from PulseChain,0xdb44e5525f29ddb4dcd3ab5f5a8964ada92b4801,0x9eb572bb082d1861ef6eb1d0f645d1f285d0af7c,0xc02aaa39b223fe8d0a0e5c4f27ead9083c756cc2,WETH,Wrapped Ether,0xdb44e5525f29ddb4dcd3ab5f5a8964ada92b4801,DOGE,Dogecoin from PulseChain
Ethereum Mainnet,DOGE,DogeCoin,0xe4ab53ac2f495c0ac210ddf01a5f7b598809c3bc,0xb2cd930798efa9b6cb042f073a2ccea5012e7abf,0xc02aaa39b223fe8d0a0e5c4f27ead9083c756cc2,WETH,Wrapped Ether,0xe4ab53ac2f495c0ac210ddf01a5f7b598809c3bc,DOGE,DogeCoin
Ethereum Mainnet,DOGE,2015 NFT on Bitcoin | DOGECOINCARD,0xf2d3ed224cb4f679956153e5d66ee0127f50fdcd,0xb517d1ea879074ecbad95a773f6c130d20b6b1d0,0xc02aaa39b223fe8d0a0e5c4f27ead9083c756cc2,WETH,Wrapped Ether,0xf2d3ed224cb4f679956153e5d66ee0127f50fdcd,DOGE,2015 NFT on Bitcoin | DOGECOINCARD
Ethereum Mainnet,AVAX,Harrydevilvoldemortbidensafupokemonfuckavax,0x31590222af883c13b393b9bcd38804c70eca7205,0xbd225685d72ba8bc4a6c264758140d6cb186a604,0x31590222af883c13b393b9bcd38804c70eca7205,AVAX,Harrydevilvoldemortbidensafupokemonfuckavax,0xc02aaa39b223fe8d0a0e5c4f27ead9083c756cc2,WETH,Wrapped Ether
Ethereum Mainnet,AVAX,Avalanche,0x8965349fb649a33a30cbfda057d8ec2c48abe2a2,0x69aa6cba48c9427eec59c3e4e591c4094fd4eff0,0x8965349fb649a33a30cbfda057d8ec2c48abe2a2,AVAX,Avalanche,0xc02aaa39b223fe8d0a0e5c4f27ead9083c756cc2,WETH,Wrapped Ether
Ethereum Mainnet,AVAX,Avalanche,0x8965349fb649a33a30cbfda057d8ec2c48abe2a2,0xc2d422e1c00fdf44b064ed2e66d18d2e9baedd11,0x8965349fb649a33a30cbfda057d8ec2c48abe2a2,AVAX,Avalanche,0xc02aaa39b223fe8d0a0e5c4f27ead9083c756cc2,WETH,Wrapped Ether
Ethereum Mainnet,AVAX,ANTI-VAX,0xc50a8c1359e0ed0452207e51e1d200910200c3ce,0x36fd40f6ba9600ac94c386874778d3aff6c8b4b5,0xc02aaa39b223fe8d0a0e5c4f27ead9083c756cc2,WETH,Wrapped Ether,0xc50a8c1359e0ed0452207e51e1d200910200c3ce,AVAX,ANTI-VAX
Ethereum Mainnet,SHIB,Shiba Inu,0x0bbb81752f331f04abe455288da57a2103c285c9,0x0d7039b5ff983fedf7047ba3fef7a6862fa33000,0x0bbb81752f331f04abe455288da57a2103c285c9,SHIB,Shiba Inu,0xc02aaa39b223fe8d0a0e5c4f27ead9083c756cc2,WETH,Wrapped Ether
Ethereum Mainnet,SHIB,SHIB X,0x16e185a0b6fdad669c93da6aa4bb3c0c3254c2ce,0x1f9fe751c4f3fce6e13e70c0d7f694c8c1305104,0x16e185a0b6fdad669c93da6aa4bb3c0c3254c2ce,SHIB,SHIB X,0xc02aaa39b223fe8d0a0e5c4f27ead9083c756cc2,WETH,Wrapped Ether
Ethereum Mainnet,SHIB,Shiba Inu ETH,0x7440cc5f8351e089fbb084f88ff6e81f976a28b5,0xaea097e444340a2519f8cbfec1a2480959fe9f27,0x7440cc5f8351e089fbb084f88ff6e81f976a28b5,SHIB,Shiba Inu ETH,0xc02aaa39b223fe8d0a0e5c4f27ead9083c756cc2,WETH,Wrapped Ether
Ethereum Mainnet,SHIB,Shibtoken,0x7f917c63915d24ececf04986f624b8e28d9ac4a9,0xfef590b4204366175ad7e9682eccb1149565d654,0x7f917c63915d24ececf04986f624b8e28d9ac4a9,SHIB,Shibtoken,0xc02aaa39b223fe8d0a0e5c4f27ead9083c756cc2,WETH,Wrapped Ether
Ethereum Mainnet,SHIB,SHIBA INU,0x95ad61b0a150d79219dcf64e1e6cc01f0b64c4ce,0x1153c8f2b05fdde2db507c8d16e49d4c7405c907,0x2260fac5e5542a773aa44fbcfedf7c193bc2c599,WBTC,Wrapped BTC,0x95ad61b0a150d79219dcf64e1e6cc01f0b64c4ce,SHIB,SHIBA INU
Ethereum Mainnet,SHIB,SHIBA INU,0x95ad61b0a150d79219dcf64e1e6cc01f0b64c4ce,0x2f62f2b4c5fcd7570a709dec05d68ea19c82a9ec,0x95ad61b0a150d79219dcf64e1e6cc01f0b64c4ce,SHIB,SHIBA INU,0xc02aaa39b223fe8d0a0e5c4f27ead9083c756cc2,WETH,Wrapped Ether
Ethereum Mainnet,SHIB,SHIBA INU,0x95ad61b0a150d79219dcf64e1e6cc01f0b64c4ce,0x5764a6f2212d502bc5970f9f129ffcd61e5d7563,0x95ad61b0a150d79219dcf64e1e6cc01f0b64c4ce,SHIB,SHIBA INU,0xc02aaa39b223fe8d0a0e5c4f27ead9083c756cc2,WETH,Wrapped Ether
Ethereum Mainnet,SHIB,SHIBA INU,0x95ad61b0a150d79219dcf64e1e6cc01f0b64c4ce,0x94e4b2e24523cf9b3e631a6943c346df9687c723,0x95ad61b0a150d79219dcf64e1e6cc01f0b64c4ce,SHIB,SHIBA INU,0xc02aaa39b223fe8d0a0e5c4f27ead9083c756cc2,WETH,Wrapped Ether
Ethereum Mainnet,SHIB,SHIBA INU,0x95ad61b0a150d79219dcf64e1e6cc01f0b64c4ce,0xa15cc73e881c06d8db06b50b7a3688b763c18350,0x95ad61b0a150d79219dcf64e1e6cc01f0b64c4ce,SHIB,SHIBA INU,0xa0b86991c6218b36c1d19d4a2e9eb0ce3606eb48,USDC,USD Coin
Ethereum Mainnet,SHIB,SHIBA INU,0x95ad61b0a150d79219dcf64e1e6cc01f0b64c4ce,0xb0cc75ed5aabb0acce7cbf0302531bb260d259c4,0x95ad61b0a150d79219dcf64e1e6cc01f0b64c4ce,SHIB,SHIBA INU,0xdac17f958d2ee523a2206206994597c13d831ec7,USDT,Tether USD
Ethereum Mainnet,SHIB,SHIBA INU,0x95ad61b0a150d79219dcf64e1e6cc01f0b64c4ce,0xe6e217683c46ab36fb77bb6dbbd04997cd7bfd8d,0x7fc66500c84a76ad7e9c93437bfc5ac33e2ddae9,AAVE,Aave Token,0x95ad61b0a150d79219dcf64e1e6cc01f0b64c4ce,SHIB,SHIBA INU
Ethereum Mainnet,SHIB,SHIBA INU,0x95ad61b0a150d79219dcf64e1e6cc01f0b64c4ce,0xe9131a276fd07af729b5537a429346e8affc67e0,0x95ad61b0a150d79219dcf64e1e6cc01f0b64c4ce,SHIB,SHIBA INU,0xa0b86991c6218b36c1d19d4a2e9eb0ce3606eb48,USDC,USD Coin
Ethereum Mainnet,SHIB,Shiba Inu,0x9999967993227bbb9a7ffa9b5cd5f31d02e47879,0x5b1e3776abf2552d873d8269d6c9f1c9c1ef3e4a,0x9999967993227bbb9a7ffa9b5cd5f31d02e47879,SHIB,Shiba Inu,0xc02aaa39b223fe8d0a0e5c4f27ead9083c756cc2,WETH,Wrapped Ether
Ethereum Mainnet,SHIB,NicCageWaluigiElmo42069Inu,0xfcaf0e4498e78d65526a507360f755178b804ba8,0xe3e84234405966f1b04db136963c8fd275540694,0xc02aaa39b223fe8d0a0e5c4f27ead9083c756cc2,WETH,Wrapped Ether,0xfcaf0e4498e78d65526a507360f755178b804ba8,SHIB,NicCageWaluigiElmo42069Inu
Ethereum Mainnet,TRX,TRON,0x50327c6c5a14dcade707abad2e27eb517df87ab5,0x8759f1dc524f1305cbdfa1025d08eeb6c1158186,0x50327c6c5a14dcade707abad2e27eb517df87ab5,TRX,TRON,0xa0b86991c6218b36c1d19d4a2e9eb0ce3606eb48,USDC,USD Coin
Ethereum Mainnet,TRX,TRON,0xe1be5d3f34e89de342ee97e6e90d405884da6c67,0x791c275383e6e7a6231722fa3c80b8434ab556f0,0xc02aaa39b223fe8d0a0e5c4f27ead9083c756cc2,WETH,Wrapped Ether,0xe1be5d3f34e89de342ee97e6e90d405884da6c67,TRX,TRON
Ethereum Mainnet,TRX,Tronix,0xf230b790e05390fc8295f4d3f60332c93bed42e2,0x8dd43fe84470870ad15a129160b0f9c58fa9a5e4,0xdac17f958d2ee523a2206206994597c13d831ec7,USDT,Tether USD,0xf230b790e05390fc8295f4d3f60332c93bed42e2,TRX,Tronix
Ethereum Mainnet,LINK,ChainLink Token,0x514910771af9ca656af840dff83e8264ecf986ca,0x091c0158ab410bd73ca1541409d5a22e90146a04,0x514910771af9ca656af840dff83e8264ecf986ca,LINK,ChainLink Token,0x6b175474e89094c44da98b954eedeac495271d0f,DAI,Dai Stablecoin
Ethereum Mainnet,LINK,ChainLink Token,0x514910771af9ca656af840dff83e8264ecf986ca,0x14243ea6bb3d64c8d54a1f47b077e23394d6528a,0x514910771af9ca656af840dff83e8264ecf986ca,LINK,ChainLink Token,0x7fc66500c84a76ad7e9c93437bfc5ac33e2ddae9,AAVE,Aave Token
Ethereum Mainnet,LINK,ChainLink Token,0x514910771af9ca656af840dff83e8264ecf986ca,0x22fe40544ac2b387f9a68c6c53b9a8e34e4dd40e,0x514910771af9ca656af840dff83e8264ecf986ca,LINK,ChainLink Token,0xa0b86991c6218b36c1d19d4a2e9eb0ce3606eb48,USDC,USD Coin
Ethereum Mainnet,LINK,ChainLink Token,0x514910771af9ca656af840dff83e8264ecf986ca,0x3209c64bf470fafecb8b87db3d8ac1baa3ecf629,0x514910771af9ca656af840dff83e8264ecf986ca,LINK,ChainLink Token,0x6b175474e89094c44da98b954eedeac495271d0f,DAI,Dai Stablecoin
Ethereum Mainnet,LINK,ChainLink Token,0x514910771af9ca656af840dff83e8264ecf986ca,0x3a0f221ea8b150f3d3d27de8928851ab5264bb65,0x514910771af9ca656af840dff83e8264ecf986ca,LINK,ChainLink Token,0xc02aaa39b223fe8d0a0e5c4f27ead9083c756cc2,WETH,Wrapped Ether
Ethereum Mainnet,LINK,ChainLink Token,0x514910771af9ca656af840dff83e8264ecf986ca,0x55ec9256077a311256b2daf81f70c0992d9fbd66,0x514910771af9ca656af840dff83e8264ecf986ca,LINK,ChainLink Token,0xdac17f958d2ee523a2206206994597c13d831ec7,USDT,Tether USD
Ethereum Mainnet,LINK,ChainLink Token,0x514910771af9ca656af840dff83e8264ecf986ca,0x5d4f3c6fa16908609bac31ff148bd002aa6b8c83,0x514910771af9ca656af840dff83e8264ecf986ca,LINK,ChainLink Token,0xc02aaa39b223fe8d0a0e5c4f27ead9083c756cc2,WETH,Wrapped Ether
Ethereum Mainnet,LINK,ChainLink Token,0x514910771af9ca656af840dff83e8264ecf986ca,0x618004783d422dfb792d07d742549d5a24648df2,0x2260fac5e5542a773aa44fbcfedf7c193bc2c599,WBTC,Wrapped BTC,0x514910771af9ca656af840dff83e8264ecf986ca,LINK,ChainLink Token
Ethereum Mainnet,LINK,ChainLink Token,0x514910771af9ca656af840dff83e8264ecf986ca,0xa6cc3c2531fdaa6ae1a3ca84c2855806728693e8,0x514910771af9ca656af840dff83e8264ecf986ca,LINK,ChainLink Token,0xc02aaa39b223fe8d0a0e5c4f27ead9083c756cc2,WETH,Wrapped Ether
Ethereum Mainnet,LINK,ChainLink Token,0x514910771af9ca656af840dff83e8264ecf986ca,0xac5a2c404ebba22a869998089ac7893ff4e1f0a7,0x514910771af9ca656af840dff83e8264ecf986ca,LINK,ChainLink Token,0xdac17f958d2ee523a2206206994597c13d831ec7,USDT,Tether USD
Ethereum Mainnet,LINK,ChainLink Token,0x514910771af9ca656af840dff83e8264ecf986ca,0xcfc389e23728f72558eee13d04b326ddcdd88be3,0x514910771af9ca656af840dff83e8264ecf986ca,LINK,ChainLink Token,0x7d1afa7b718fb893db30a3abc0cfc608aacfebb0,MATIC,Matic Token
Ethereum Mainnet,LINK,ChainLink Token,0x514910771af9ca656af840dff83e8264ecf986ca,0xd24b1542323096ccbf9cba3b13c5b9eb4a92c506,0x514910771af9ca656af840dff83e8264ecf986ca,LINK,ChainLink Token,0xa0b86991c6218b36c1d19d4a2e9eb0ce3606eb48,USDC,USD Coin
Ethereum Mainnet,LINK,ChainLink Token,0x514910771af9ca656af840dff83e8264ecf986ca,0xd92ba9b67b74305b5534abd2b1f5119b59b24871,0x0bc529c00c6401aef6d220be8c6ea1667f6ad93e,YFI,yearn.finance,0x514910771af9ca656af840dff83e8264ecf986ca,LINK,ChainLink Token
Ethereum Mainnet,LINK,ChainLink Token,0x514910771af9ca656af840dff83e8264ecf986ca,0xfad57d2039c21811c8f2b5d5b65308aa99d31559,0x514910771af9ca656af840dff83e8264ecf986ca,LINK,ChainLink Token,0xa0b86991c6218b36c1d19d4a2e9eb0ce3606eb48,USDC,USD Coin
Ethereum Mainnet,DOT,DOT,0x8f13dba76528422d62ff4d248ffd7c5d473ab873,0xa5de47cba79299aef0387f0bfe8fac1ff8d1a68a,0x8f13dba76528422d62ff4d248ffd7c5d473ab873,DOT,DOT,0xc02aaa39b223fe8d0a0e5c4f27ead9083c756cc2,WETH,Wrapped Ether
Ethereum Mainnet,DOT,Blow for the grave,0xfb4481d11566b10af6ebd948ebcf4e4916436164,0x9419e6db054c2e1b5b8fb9a584fc9d03b455b4dd,0xc02aaa39b223fe8d0a0e5c4f27ead9083c756cc2,WETH,Wrapped Ether,0xfb4481d11566b10af6ebd948ebcf4e4916436164,DOT,Blow for the grave
Ethereum Mainnet,NEAR,THE END IS NEAR,0x72ab1b24ab50ef78e7934665de791bf67264693f,0x3b77adac640e1abef488bdfd489456aa930008f6,0x72ab1b24ab50ef78e7934665de791bf67264693f,NEAR,THE END IS NEAR,0xc02aaa39b223fe8d0a0e5c4f27ead9083c756cc2,WETH,Wrapped Ether
Ethereum Mainnet,NEAR,THE END IS NEAR,0x75346606bed690891b3888725488b81a71e526d7,0x0f6785f78818f5b48a3b237b7bfe33cb280f2811,0x75346606bed690891b3888725488b81a71e526d7,NEAR,THE END IS NEAR,0xc02aaa39b223fe8d0a0e5c4f27ead9083c756cc2,WETH,Wrapped Ether
Ethereum Mainnet,NEAR,NEAR,0x85f17cf997934a597031b2e18a9ab6ebd4b9f6a4,0x3952c20f1af4ad4c62bd53c6cee66fcffe0a324d,0x85f17cf997934a597031b2e18a9ab6ebd4b9f6a4,NEAR,NEAR,0xa0b86991c6218b36c1d19d4a2e9eb0ce3606eb48,USDC,USD Coin
Ethereum Mainnet,NEAR,NEAR,0x85f17cf997934a597031b2e18a9ab6ebd4b9f6a4,0x686739297d913afa7f1698d4423be0a2cd558eb6,0x111111111117dc0aa78b770fa6a738034120c302,1INCH,1INCH Token,0x85f17cf997934a597031b2e18a9ab6ebd4b9f6a4,NEAR,NEAR
Ethereum Mainnet,NEAR,NEAR,0x85f17cf997934a597031b2e18a9ab6ebd4b9f6a4,0x9ba3f47fe7f5a12562ba0a4a5645d8bf9ea1dd8e,0x85f17cf997934a597031b2e18a9ab6ebd4b9f6a4,NEAR,NEAR,0xc02aaa39b223fe8d0a0e5c4f27ead9083c756cc2,WETH,Wrapped Ether
Ethereum Mainnet,NEAR,NEAR,0x85f17cf997934a597031b2e18a9ab6ebd4b9f6a4,0xdbfd99a28787a31ee06dec5f00deb090ff04d956,0x111111111117dc0aa78b770fa6a738034120c302,1INCH,1INCH Token,0x85f17cf997934a597031b2e18a9ab6ebd4b9f6a4,NEAR,NEAR
Ethereum Mainnet,NEAR,NEAR,0x85f17cf997934a597031b2e18a9ab6ebd4b9f6a4,0xee8aaa362a75fbf8e0a38a50ddc27f38551e16ea,0x85f17cf997934a597031b2e18a9ab6ebd4b9f6a4,NEAR,NEAR,0xa0b86991c6218b36c1d19d4a2e9eb0ce3606eb48,USDC,USD Coin
Ethereum Mainnet,UNI,Uniswap,0x1f9840a85d5af5bf1d1762f925bdaddc4201f984,0x1d42064fc4beb5f8aaf85f4617ae8b3b5b8bd801,0x1f9840a85d5af5bf1d1762f925bdaddc4201f984,UNI,Uniswap,0xc02aaa39b223fe8d0a0e5c4f27ead9083c756cc2,WETH,Wrapped Ether
Ethereum Mainnet,UNI,Uniswap,0x1f9840a85d5af5bf1d1762f925bdaddc4201f984,0x3470447f3cecffac709d3e783a307790b0208d60,0x1f9840a85d5af5bf1d1762f925bdaddc4201f984,UNI,Uniswap,0xdac17f958d2ee523a2206206994597c13d831ec7,USDT,Tether USD
Ethereum Mainnet,UNI,Uniswap,0x1f9840a85d5af5bf1d1762f925bdaddc4201f984,0x360b9726186c0f62cc719450685ce70280774dc8,0x1f9840a85d5af5bf1d1762f925bdaddc4201f984,UNI,Uniswap,0xc02aaa39b223fe8d0a0e5c4f27ead9083c756cc2,WETH,Wrapped Ether
Ethereum Mainnet,UNI,Uniswap,0x1f9840a85d5af5bf1d1762f925bdaddc4201f984,0x36f7273afb18a3f2fdd07e3ac1c28e65d7ea8f07,0x1f9840a85d5af5bf1d1762f925bdaddc4201f984,UNI,Uniswap,0xdac17f958d2ee523a2206206994597c13d831ec7,USDT,Tether USD
Ethereum Mainnet,UNI,Uniswap,0x1f9840a85d5af5bf1d1762f925bdaddc4201f984,0x4768f4dfb46b26889ffaab881945bd7d340505c2,0x1f9840a85d5af5bf1d1762f925bdaddc4201f984,UNI,Uniswap,0x7fc66500c84a76ad7e9c93437bfc5ac33e2ddae9,AAVE,Aave Token
Ethereum Mainnet,UNI,Uniswap,0x1f9840a85d5af5bf1d1762f925bdaddc4201f984,0x57d7d040438730d4029794799deed8601e23ff80,0x1f9840a85d5af5bf1d1762f925bdaddc4201f984,UNI,Uniswap,0x6b175474e89094c44da98b954eedeac495271d0f,DAI,Dai Stablecoin
Ethereum Mainnet,UNI,Uniswap,0x1f9840a85d5af5bf1d1762f925bdaddc4201f984,0x5878f16f8405eecfd8bf044fa7f0754b6bef122c,0x1f9840a85d5af5bf1d1762f925bdaddc4201f984,UNI,Uniswap,0xc011a73ee8576fb46f5e1c5751ca3b9fe0af2a6f,SNX,Synthetix Network Token
Ethereum Mainnet,UNI,Uniswap,0x1f9840a85d5af5bf1d1762f925bdaddc4201f984,0x59c38b6775ded821f010dbd30ecabdcf84e04756,0x1f9840a85d5af5bf1d1762f925bdaddc4201f984,UNI,Uniswap,0x7fc66500c84a76ad7e9c93437bfc5ac33e2ddae9,AAVE,Aave Token
Ethereum Mainnet,UNI,Uniswap,0x1f9840a85d5af5bf1d1762f925bdaddc4201f984,0x7cf70ed6213f08b70316bd80f7c2dddc94e41ac5,0x1f9840a85d5af5bf1d1762f925bdaddc4201f984,UNI,Uniswap,0x6b175474e89094c44da98b954eedeac495271d0f,DAI,Dai Stablecoin
Ethereum Mainnet,UNI,Uniswap,0x1f9840a85d5af5bf1d1762f925bdaddc4201f984,0x83819fb5184e2a418d9309bc1ac46edb67f89e7d,0x1f9840a85d5af5bf1d1762f925bdaddc4201f984,UNI,Uniswap,0x2260fac5e5542a773aa44fbcfedf7c193bc2c599,WBTC,Wrapped BTC
Ethereum Mainnet,UNI,Uniswap,0x1f9840a85d5af5bf1d1762f925bdaddc4201f984,0x8f0cb37cdff37e004e0088f563e5fe39e05ccc5b,0x1f9840a85d5af5bf1d1762f925bdaddc4201f984,UNI,Uniswap,0x2260fac5e5542a773aa44fbcfedf7c193bc2c599,WBTC,Wrapped BTC
Ethereum Mainnet,UNI,Uniswap,0x1f9840a85d5af5bf1d1762f925bdaddc4201f984,0x9f178e86e42ddf2379cb3d2acf9ed67a1ed2550a,0x1f9840a85d5af5bf1d1762f925bdaddc4201f984,UNI,Uniswap,0x514910771af9ca656af840dff83e8264ecf986ca,LINK,ChainLink Token
Ethereum Mainnet,UNI,Uniswap,0x1f9840a85d5af5bf1d1762f925bdaddc4201f984,0xa6b9a13b34db2a00284299c47dacf49fb62c1755,0x1f9840a85d5af5bf1d1762f925bdaddc4201f984,UNI,Uniswap,0x514910771af9ca656af840dff83e8264ecf986ca,LINK,ChainLink Token
Ethereum Mainnet,UNI,Uniswap,0x1f9840a85d5af5bf1d1762f925bdaddc4201f984,0xab2044f105c43c25b1de3ee27504f0b889ce5953,0x1f9840a85d5af5bf1d1762f925bdaddc4201f984,UNI,Uniswap,0xa0b86991c6218b36c1d19d4a2e9eb0ce3606eb48,USDC,USD Coin
Ethereum Mainnet,UNI,Uniswap,0x1f9840a85d5af5bf1d1762f925bdaddc4201f984,0xd0fc8ba7e267f2bc56044a7715a489d851dc6d78,0x1f9840a85d5af5bf1d1762f925bdaddc4201f984,UNI,Uniswap,0xa0b86991c6218b36c1d19d4a2e9eb0ce3606eb48,USDC,USD Coin
Ethereum Mainnet,UNI,Uniswap,0x1f9840a85d5af5bf1d1762f925bdaddc4201f984,0xd6993e525fadb23971a20bbb057af9841eae076f,0x1f9840a85d5af5bf1d1762f925bdaddc4201f984,UNI,Uniswap,0x6b175474e89094c44da98b954eedeac495271d0f,DAI,Dai Stablecoin
Ethereum Mainnet,UNI,Uniswap,0x1f9840a85d5af5bf1d1762f925bdaddc4201f984,0xda434d7b379f770d32601fa571532c0c75a528ee,0x1f9840a85d5af5bf1d1762f925bdaddc4201f984,UNI,Uniswap,0x7d1afa7b718fb893db30a3abc0cfc608aacfebb0,MATIC,Matic Token
Ethereum Mainnet,UNI,Uniswap,0x1f9840a85d5af5bf1d1762f925bdaddc4201f984,0xe845469aae04f8823202b011a848cf199420b4c1,0x1f9840a85d5af5bf1d1762f925bdaddc4201f984,UNI,Uniswap,0xa0b86991c6218b36c1d19d4a2e9eb0ce3606eb48,USDC,USD Coin
Ethereum Mainnet,UNI,Uniswap,0x1f9840a85d5af5bf1d1762f925bdaddc4201f984,0xe8bf7d7358a96fa870d3945bb37bfcc91a9041cc,0x1f9840a85d5af5bf1d1762f925bdaddc4201f984,UNI,Uniswap,0xa0b86991c6218b36c1d19d4a2e9eb0ce3606eb48,USDC,USD Coin
Ethereum Mainnet,UNI,Uniswap,0x1f9840a85d5af5bf1d1762f925bdaddc4201f984,0xfaa318479b7755b2dbfdd34dc306cb28b420ad12,0x1f9840a85d5af5bf1d1762f925bdaddc4201f984,UNI,Uniswap,0xc02aaa39b223fe8d0a0e5c4f27ead9083c756cc2,WETH,Wrapped Ether
Ethereum Mainnet,UNI,Uniswap,0x1f9840a85d5af5bf1d1762f925bdaddc4201f984,0xfe47dad3d8072a7c5e38202bc4b82d322163e2b6,0x1f9840a85d5af5bf1d1762f925bdaddc4201f984,UNI,Uniswap,0xdac17f958d2ee523a2206206994597c13d831ec7,USDT,Tether USD
Ethereum Mainnet,UNI,Unigrid #12,0x43b94ba4e0a26d273b13214f6cb3e7c4668f8c4c,0xb636902e722fb6eff41fd38893dc8999572b94bc,0x43b94ba4e0a26d273b13214f6cb3e7c4668f8c4c,UNI,Unigrid #12,0xc02aaa39b223fe8d0a0e5c4f27ead9083c756cc2,WETH,Wrapped Ether
Ethereum Mainnet,UNI,UniSat Wallet,0x8c47e5c7b3ed6342b0e1280661a1bf40ea5b861d,0xdfaa49e6793d7cfa86ada6911faf929c5d76b88a,0x8c47e5c7b3ed6342b0e1280661a1bf40ea5b861d,UNI,UniSat Wallet,0xc02aaa39b223fe8d0a0e5c4f27ead9083c756cc2,WETH,Wrapped Ether
Ethereum Mainnet,UNI,UNI COIN,0xe6877ea9c28fbdec631ffbc087956d0023a76bf2,0x4d346577458b3ef27de0a664c50f33136d2dc3a4,0xc02aaa39b223fe8d0a0e5c4f27ead9083c756cc2,WETH,Wrapped Ether,0xe6877ea9c28fbdec631ffbc087956d0023a76bf2,UNI,UNI COIN
Ethereum Mainnet,MATIC,EpsteinClintonQanonPizzaGate10Inu,0x682a21d52451bb93e4bda3c557e46e0016d0edb0,0x42e014ce9d092e09133cd93622268b6049a9f50c,0x682a21d52451bb93e4bda3c557e46e0016d0edb0,MATIC,EpsteinClintonQanonPizzaGate10Inu,0xc02aaa39b223fe8d0a0e5c4f27ead9083c756cc2,WETH,Wrapped Ether
Ethereum Mainnet,MATIC,EpsteinClintonQanonPizzaGate10Inu,0x682a21d52451bb93e4bda3c557e46e0016d0edb0,0xf21faaed992917ef0b74b17b1f87572b30b9fda6,0x682a21d52451bb93e4bda3c557e46e0016d0edb0,MATIC,EpsteinClintonQanonPizzaGate10Inu,0xc02aaa39b223fe8d0a0e5c4f27ead9083c756cc2,WETH,Wrapped Ether
Ethereum Mainnet,MATIC,Matic Token,0x7d1afa7b718fb893db30a3abc0cfc608aacfebb0,0x07510b2dd84bf8187063a3c49533663518c2b6b7,0x6b175474e89094c44da98b954eedeac495271d0f,DAI,Dai Stablecoin,0x7d1afa7b718fb893db30a3abc0cfc608aacfebb0,MATIC,Matic Token
Ethereum Mainnet,MATIC,Matic Token,0x7d1afa7b718fb893db30a3abc0cfc608aacfebb0,0x07a6e955ba4345bae83ac2a6faa771fddd8a2011,0x7d1afa7b718fb893db30a3abc0cfc608aacfebb0,MATIC,Matic Token,0xa0b86991c6218b36c1d19d4a2e9eb0ce3606eb48,USDC,USD Coin
Ethereum Mainnet,MATIC,Matic Token,0x7d1afa7b718fb893db30a3abc0cfc608aacfebb0,0x290a6a7460b308ee3f19023d2d00de604bcf5b42,0x7d1afa7b718fb893db30a3abc0cfc608aacfebb0,MATIC,Matic Token,0xc02aaa39b223fe8d0a0e5c4f27ead9083c756cc2,WETH,Wrapped Ether
Ethereum Mainnet,MATIC,Matic Token,0x7d1afa7b718fb893db30a3abc0cfc608aacfebb0,0x68f73e2180024db5b54e0e119d4f5128953f9417,0x7d1afa7b718fb893db30a3abc0cfc608aacfebb0,MATIC,Matic Token,0xdac17f958d2ee523a2206206994597c13d831ec7,USDT,Tether USD
Ethereum Mainnet,MATIC,Matic Token,0x7d1afa7b718fb893db30a3abc0cfc608aacfebb0,0x9039093a644c466e43c28d06c303d751cdc07cc2,0x7d1afa7b718fb893db30a3abc0cfc608aacfebb0,MATIC,Matic Token,0xdac17f958d2ee523a2206206994597c13d831ec7,USDT,Tether USD
Ethereum Mainnet,MATIC,Matic Token,0x7d1afa7b718fb893db30a3abc0cfc608aacfebb0,0x972f43bb94b76b9e2d036553d818879860b6a114,0x7d1afa7b718fb893db30a3abc0cfc608aacfebb0,MATIC,Matic Token,0xdac17f958d2ee523a2206206994597c13d831ec7,USDT,Tether USD
Ethereum Mainnet,MATIC,Matic Token,0x7d1afa7b718fb893db30a3abc0cfc608aacfebb0,0x98c8be139d73ac27bd96a0be97f0abf17efcad45,0x6b175474e89094c44da98b954eedeac495271d0f,DAI,Dai Stablecoin,0x7d1afa7b718fb893db30a3abc0cfc608aacfebb0,MATIC,Matic Token
Ethereum Mainnet,MATIC,Matic Token,0x7d1afa7b718fb893db30a3abc0cfc608aacfebb0,0x99c7550be72f05ec31c446cd536f8a29c89fdb77,0x7d1afa7b718fb893db30a3abc0cfc608aacfebb0,MATIC,Matic Token,0xc02aaa39b223fe8d0a0e5c4f27ead9083c756cc2,WETH,Wrapped Ether
Ethereum Mainnet,MATIC,Matic Token,0x7d1afa7b718fb893db30a3abc0cfc608aacfebb0,0x9da1d1c9353b32c9e15adf11fadbe9f0860fccfa,0x7d1afa7b718fb893db30a3abc0cfc608aacfebb0,MATIC,Matic Token,0xa0b86991c6218b36c1d19d4a2e9eb0ce3606eb48,USDC,USD Coin
Ethereum Mainnet,MATIC,Matic Token,0x7d1afa7b718fb893db30a3abc0cfc608aacfebb0,0xb8eced0c3cae8847454aa4900d7751d0bd8d23cf,0x7d1afa7b718fb893db30a3abc0cfc608aacfebb0,MATIC,Matic Token,0xa0b86991c6218b36c1d19d4a2e9eb0ce3606eb48,USDC,USD Coin
Ethereum Mainnet,MATIC,Matic Token,0x7d1afa7b718fb893db30a3abc0cfc608aacfebb0,0xcfc389e23728f72558eee13d04b326ddcdd88be3,0x514910771af9ca656af840dff83e8264ecf986ca,LINK,ChainLink Token,0x7d1afa7b718fb893db30a3abc0cfc608aacfebb0,MATIC,Matic Token
Ethereum Mainnet,MATIC,Matic Token,0x7d1afa7b718fb893db30a3abc0cfc608aacfebb0,0xe3baa96ad46457d9e6cdd4e32abc11e2c124ec49,0x7d1afa7b718fb893db30a3abc0cfc608aacfebb0,MATIC,Matic Token,0xc02aaa39b223fe8d0a0e5c4f27ead9083c756cc2,WETH,Wrapped Ether
Ethereum Mainnet,LTC,Libertatis,0x7493080f7e5cb8fb89f4239f56cba97ab1a6c97d,0x61045a5fc39002d8b353e9df3b29b5dfff13b6ac,0x7493080f7e5cb8fb89f4239f56cba97ab1a6c97d,LTC,Libertatis,0xc02aaa39b223fe8d0a0e5c4f27ead9083c756cc2,WETH,Wrapped Ether
Ethereum Mainnet,LEO,King Leo,0x079b3ae9acaa4e3e0afcb785a103789903668843,0xdf50d1474b5e901743954ed2c9d20584e571d9b3,0x079b3ae9acaa4e3e0afcb785a103789903668843,LEO,King Leo,0xc02aaa39b223fe8d0a0e5c4f27ead9083c756cc2,WETH,Wrapped Ether
Ethereum Mainnet,LEO,LEO,0x10821fdfb49c5cc77b6cab20e0b6b4bc8a0d26fa,0xe69cc79d088f031530714fbd1c9105cf979696b7,0x10821fdfb49c5cc77b6cab20e0b6b4bc8a0d26fa,LEO,LEO,0xc02aaa39b223fe8d0a0e5c4f27ead9083c756cc2,WETH,Wrapped Ether
Ethereum Mainnet,LEO,Panthera,0x2600ed1ea6281704b4f060f882a076993bf13ef3,0x1086e6b7461f09bb44026afb9e0db5cbdb632c9c,0x2600ed1ea6281704b4f060f882a076993bf13ef3,LEO,Panthera,0xc02aaa39b223fe8d0a0e5c4f27ead9083c756cc2,WETH,Wrapped Ether
Ethereum Mainnet,LEO,Bitfinex LEO Token,0x2af5d2ad76741191d15dfe7bf6ac92d4bd912ca3,0x07ad4b7378a274a37a00349e6b9a5d710e093fa9,0x2af5d2ad76741191d15dfe7bf6ac92d4bd912ca3,LEO,Bitfinex LEO Token,0xa0b86991c6218b36c1d19d4a2e9eb0ce3606eb48,USDC,USD Coin
Ethereum Mainnet,LEO,Bitfinex LEO Token,0x2af5d2ad76741191d15dfe7bf6ac92d4bd912ca3,0x758a5f59b3ebe8a5cb9e6a09b5b876d2414042cd,0x2af5d2ad76741191d15dfe7bf6ac92d4bd912ca3,LEO,Bitfinex LEO Token,0xc02aaa39b223fe8d0a0e5c4f27ead9083c756cc2,WETH,Wrapped Ether
Ethereum Mainnet,LEO,Bitfinex LEO Token,0x2af5d2ad76741191d15dfe7bf6ac92d4bd912ca3,0xcb41827be259435dd108aa2f29cb9bcd0e410b0b,0x2af5d2ad76741191d15dfe7bf6ac92d4bd912ca3,LEO,Bitfinex LEO Token,0xa0b86991c6218b36c1d19d4a2e9eb0ce3606eb48,USDC,USD Coin
Ethereum Mainnet,LEO,Leonardo,0x47af2c8777fa494012442827480dfe22a4a1577a,0x44ce9e17c78144aff69621d9ec0a48a7f8e14ccf,0x47af2c8777fa494012442827480dfe22a4a1577a,LEO,Leonardo,0xc02aaa39b223fe8d0a0e5c4f27ead9083c756cc2,WETH,Wrapped Ether
Ethereum Mainnet,PEPE,PEPE,0x05596878026e4f5289b7d83958304c0d17fc043f,0x932573fac2ddef5e175139dbbcd1e7176efc902a,0x05596878026e4f5289b7d83958304c0d17fc043f,PEPE,PEPE,0xc02aaa39b223fe8d0a0e5c4f27ead9083c756cc2,WETH,Wrapped Ether
Ethereum Mainnet,PEPE,PepeGo,0x06a0b5fb3a34c8fcddab31cf3930bd45ba12c826,0x1c3176e717c8b5c44a4aef2288ebfe8f824fb66e,0x06a0b5fb3a34c8fcddab31cf3930bd45ba12c826,PEPE,PepeGo,0xc02aaa39b223fe8d0a0e5c4f27ead9083c756cc2,WETH,Wrapped Ether
Ethereum Mainnet,PEPE,PEPE,0x08f3e06d0e11df55391f3e51e5ebefe67b5944d0,0x67708b5ea2f745fd8157bf0f50d9cfea073859e0,0x08f3e06d0e11df55391f3e51e5ebefe67b5944d0,PEPE,PEPE,0xc02aaa39b223fe8d0a0e5c4f27ead9083c756cc2,WETH,Wrapped Ether
Ethereum Mainnet,PEPE,Pepe,0x0ea3dc2d9cd58fc7953b50815dcbd2f4f3c59f8c,0xce2735a5e6fdb39244b8c4795058824ca0be9750,0x0ea3dc2d9cd58fc7953b50815dcbd2f4f3c59f8c,PEPE,Pepe,0xc02aaa39b223fe8d0a0e5c4f27ead9083c756cc2,WETH,Wrapped Ether
Ethereum Mainnet,PEPE,Pepe404,0x13ff38fecc654e1d449566c19d8e46d68acf2afe,0xce0f0a0f61d3e100d66a3cc234aa7ced9301d65e,0x13ff38fecc654e1d449566c19d8e46d68acf2afe,PEPE,Pepe404,0xc02aaa39b223fe8d0a0e5c4f27ead9083c756cc2,WETH,Wrapped Ether
Ethereum Mainnet,PEPE,pepeCoin,0x1505cb563d9db67d0e96ce50012744f295987bf0,0x9cf0833becbb862b31d13c99fd1340f2635e2fdc,0x1505cb563d9db67d0e96ce50012744f295987bf0,PEPE,pepeCoin,0xc02aaa39b223fe8d0a0e5c4f27ead9083c756cc2,WETH,Wrapped Ether
Ethereum Mainnet,PEPE,say my name,0x203b720e966abad4acc3f4a01b5e8998a450c458,0x9328b7b9a935c8a9eb958468786faeb119649f6e,0x203b720e966abad4acc3f4a01b5e8998a450c458,PEPE,say my name,0xc02aaa39b223fe8d0a0e5c4f27ead9083c756cc2,WETH,Wrapped Ether
Ethereum Mainnet,PEPE,pepebeer,0x234c7d1e6e99eb8cbce78a1ef69f676a18246c57,0xb5d6f640d649d30c77395ea0e7f39c75d8c95837,0x234c7d1e6e99eb8cbce78a1ef69f676a18246c57,PEPE,pepebeer,0xc02aaa39b223fe8d0a0e5c4f27ead9083c756cc2,WETH,Wrapped Ether
Ethereum Mainnet,PEPE,Pepe Token,0x23c008b26f29d63c27065c2ef69d3158a2c82d0d,0x96a82c45fca1f1cc7fc1b373a772aa0578becbbe,0x23c008b26f29d63c27065c2ef69d3158a2c82d0d,PEPE,Pepe Token,0xc02aaa39b223fe8d0a0e5c4f27ead9083c756cc2,WETH,Wrapped Ether
Ethereum Mainnet,PEPE,PePeGains,0x3053d47d71c80a08c5edc09e45e12cf69a7f27b7,0xbdfd8cbf1c045ced2581998affa3c96727b6289c,0x3053d47d71c80a08c5edc09e45e12cf69a7f27b7,PEPE,PePeGains,0xc02aaa39b223fe8d0a0e5c4f27ead9083c756cc2,WETH,Wrapped Ether
Ethereum Mainnet,PEPE,Pepe,0x335d18efa956ba65b1507bc1623015a0c3222719,0x71bcac16936f2f4e9dd4203532c5603c63409b68,0x335d18efa956ba65b1507bc1623015a0c3222719,PEPE,Pepe,0xc02aaa39b223fe8d0a0e5c4f27ead9083c756cc2,WETH,Wrapped Ether
Ethereum Mainnet,PEPE,Pepe,0x33f32565d08b6cd89152908044dfaf0fdb4285f8,0xd2ede9f37b03d18bc72ca0023a6f7e6dc31ee0f6,0x33f32565d08b6cd89152908044dfaf0fdb4285f8,PEPE,Pepe,0xc02aaa39b223fe8d0a0e5c4f27ead9083c756cc2,WETH,Wrapped Ether
Ethereum Mainnet,PEPE,Pepe,0x3440ab423ee3da4e74c439d3cfe601240b4bc5ea,0xd26b5ffc34b505bcfd0c781c4166c5cd2b055a94,0x3440ab423ee3da4e74c439d3cfe601240b4bc5ea,PEPE,Pepe,0xc02aaa39b223fe8d0a0e5c4f27ead9083c756cc2,WETH,Wrapped Ether
Ethereum Mainnet,PEPE,Pepe 404,0x3e323fe0a458f3e25347f43e74716145ee14e0cf,0x591cc1a619c32a73e937b8fd18790bf803a1337f,0x3e323fe0a458f3e25347f43e74716145ee14e0cf,PEPE,Pepe 404,0xc02aaa39b223fe8d0a0e5c4f27ead9083c756cc2,WETH,Wrapped Ether
Ethereum Mainnet,PEPE,SafePepe,0x4248aa5e4254654b32e314c87df77326c7311ed5,0xe5ee8c97c66c2ac7b946b4e1ccf3e2eed089d4f5,0x4248aa5e4254654b32e314c87df77326c7311ed5,PEPE,SafePepe,0xc02aaa39b223fe8d0a0e5c4f27ead9083c756cc2,WETH,Wrapped Ether
Ethereum Mainnet,PEPE,Pepe,0x44f271870c158385910392b55769221108f743ed,0x9f7d48241231b6929783ed849b7c15c328bf5d91,0x44f271870c158385910392b55769221108f743ed,PEPE,Pepe,0xc02aaa39b223fe8d0a0e5c4f27ead9083c756cc2,WETH,Wrapped Ether
Ethereum Mainnet,PEPE,PepeToken,0x4a943b062d062e4a19e3ceb05f0ad6636f22898d,0x9c6c1e13d01fd33bf98770d5d3a7d2f0928f638c,0x4a943b062d062e4a19e3ceb05f0ad6636f22898d,PEPE,PepeToken,0xc02aaa39b223fe8d0a0e5c4f27ead9083c756cc2,WETH,Wrapped Ether
Ethereum Mainnet,PEPE,PepeToken,0x4a943b062d062e4a19e3ceb05f0ad6636f22898d,0xfca3dbe10f380b52df09d61f79bf8c67f5d3d6ad,0x4a943b062d062e4a19e3ceb05f0ad6636f22898d,PEPE,PepeToken,0xc02aaa39b223fe8d0a0e5c4f27ead9083c756cc2,WETH,Wrapped Ether
Ethereum Mainnet,PEPE,Pepe,0x4dfae3690b93c47470b03036a17b23c1be05127c,0xa84181f223a042949e9040e42b44c50021802db6,0x4dfae3690b93c47470b03036a17b23c1be05127c,PEPE,Pepe,0xc02aaa39b223fe8d0a0e5c4f27ead9083c756cc2,WETH,Wrapped Ether
Ethereum Mainnet,PEPE,Pepe King Prawn,0x51a59a02ba906194285e81eb1f98ffa28e7cf4c9,0x4f393235b9e1225d7549d368295889ee1dddd0fb,0x51a59a02ba906194285e81eb1f98ffa28e7cf4c9,PEPE,Pepe King Prawn,0xc02aaa39b223fe8d0a0e5c4f27ead9083c756cc2,WETH,Wrapped Ether
Ethereum Mainnet,PEPE,Pepe 404,0x58ffab9eeef02b7f69b0f8350dea379dd4bf7938,0x4ce2f763e0b22f6156ebdafba3797a57105f6ff3,0x58ffab9eeef02b7f69b0f8350dea379dd4bf7938,PEPE,Pepe 404,0xc02aaa39b223fe8d0a0e5c4f27ead9083c756cc2,WETH,Wrapped Ether
Ethereum Mainnet,PEPE,BigBullPepe,0x5c5ce40693fa59b487fb97c4727f731a075dd72d,0xf002e614f929473264f962c5284c9b31498b611f,0x5c5ce40693fa59b487fb97c4727f731a075dd72d,PEPE,BigBullPepe,0xc02aaa39b223fe8d0a0e5c4f27ead9083c756cc2,WETH,Wrapped Ether
Ethereum Mainnet,PEPE,Pepe 3.0,0x60140b74a5db47fadceb8a264d5b9e4aeeda691f,0x11939057111e838a4b9d200e8da6bf0dc06a899a,0x60140b74a5db47fadceb8a264d5b9e4aeeda691f,PEPE,Pepe 3.0,0xc02aaa39b223fe8d0a0e5c4f27ead9083c756cc2,WETH,Wrapped Ether
Ethereum Mainnet,PEPE,PEPE Token,0x694203b494745a305f578958518100c8ffac59da,0xa31fe45ffb3dde69539e04b1c93f8a0157953186,0x694203b494745a305f578958518100c8ffac59da,PEPE,PEPE Token,0xc02aaa39b223fe8d0a0e5c4f27ead9083c756cc2,WETH,Wrapped Ether
Ethereum Mainnet,PEPE,Better PEPE,0x69696935d19ae23ce23282675ec8371fccf2792c,0xd39aac654feee754c2cd090f42d527151d914df9,0x69696935d19ae23ce23282675ec8371fccf2792c,PEPE,Better PEPE,0xc02aaa39b223fe8d0a0e5c4f27ead9083c756cc2,WETH,Wrapped Ether
Ethereum Mainnet,PEPE,Pepe,0x6982508145454ce325ddbe47a25d4ec3d2311933,0x11950d141ecb863f01007add7d1a342041227b58,0x6982508145454ce325ddbe47a25d4ec3d2311933,PEPE,Pepe,0xc02aaa39b223fe8d0a0e5c4f27ead9083c756cc2,WETH,Wrapped Ether
Ethereum Mainnet,PEPE,Pepe,0x6982508145454ce325ddbe47a25d4ec3d2311933,0x261d53f3cd0b38dabbab252dcc8adeaa8c67bcba,0x6982508145454ce325ddbe47a25d4ec3d2311933,PEPE,Pepe,0xa0b86991c6218b36c1d19d4a2e9eb0ce3606eb48,USDC,USD Coin
Ethereum Mainnet,PEPE,Pepe,0x6982508145454ce325ddbe47a25d4ec3d2311933,0x27b627c5cdfc2f661022f9094d5f438e369ef8c7,0x6982508145454ce325ddbe47a25d4ec3d2311933,PEPE,Pepe,0x6b175474e89094c44da98b954eedeac495271d0f,DAI,Dai Stablecoin
Ethereum Mainnet,PEPE,Pepe,0x6982508145454ce325ddbe47a25d4ec3d2311933,0x4476fc21ee9a44c34ec34dd7ac4cfbb5a986e529,0x6982508145454ce325ddbe47a25d4ec3d2311933,PEPE,Pepe,0x7d1afa7b718fb893db30a3abc0cfc608aacfebb0,MATIC,Matic Token
Ethereum Mainnet,PEPE,Pepe,0x6982508145454ce325ddbe47a25d4ec3d2311933,0x5557966239e08bacc96c38a798f53277644ca20c,0x6982508145454ce325ddbe47a25d4ec3d2311933,PEPE,Pepe,0x7d1afa7b718fb893db30a3abc0cfc608aacfebb0,MATIC,Matic Token
Ethereum Mainnet,PEPE,Pepe,0x6982508145454ce325ddbe47a25d4ec3d2311933,0x6e5c0b204d8c5311687513f0e71c10cb9e114b6b,0x6982508145454ce325ddbe47a25d4ec3d2311933,PEPE,Pepe,0xc02aaa39b223fe8d0a0e5c4f27ead9083c756cc2,WETH,Wrapped Ether
Ethereum Mainnet,PEPE,Pepe,0x6982508145454ce325ddbe47a25d4ec3d2311933,0x992c59d45dd67706d7aaa118beb331c203858417,0x2260fac5e5542a773aa44fbcfedf7c193bc2c599,WBTC,Wrapped BTC,0x6982508145454ce325ddbe47a25d4ec3d2311933,PEPE,Pepe
Ethereum Mainnet,PEPE,Pepe,0x6982508145454ce325ddbe47a25d4ec3d2311933,0xa43157555484e033cb10e5ed566df906e9bf150e,0x6982508145454ce325ddbe47a25d4ec3d2311933,PEPE,Pepe,0x7d1afa7b718fb893db30a3abc0cfc608aacfebb0,MATIC,Matic Token
Ethereum Mainnet,PEPE,Pepe,0x6982508145454ce325ddbe47a25d4ec3d2311933,0xa786568aa87ffb8aafd1e532b66909eeb8d79399,0x6982508145454ce325ddbe47a25d4ec3d2311933,PEPE,Pepe,0xc02aaa39b223fe8d0a0e5c4f27ead9083c756cc2,WETH,Wrapped Ether
Ethereum Mainnet,PEPE,Pepe,0x6982508145454ce325ddbe47a25d4ec3d2311933,0xa7bc6c09907fa2ded89f1c8d05374621cb1f88c5,0x6982508145454ce325ddbe47a25d4ec3d2311933,PEPE,Pepe,0xdac17f958d2ee523a2206206994597c13d831ec7,USDT,Tether USD
Ethereum Mainnet,PEPE,Pepe,0x6982508145454ce325ddbe47a25d4ec3d2311933,0xcee31c846cbf003f4ceb5bbd234cba03c6e940c7,0x6982508145454ce325ddbe47a25d4ec3d2311933,PEPE,Pepe,0xa0b86991c6218b36c1d19d4a2e9eb0ce3606eb48,USDC,USD Coin
Ethereum Mainnet,PEPE,Pepe,0x6982508145454ce325ddbe47a25d4ec3d2311933,0xf239009a101b6b930a527deaab6961b6e7dec8a6,0x6982508145454ce325ddbe47a25d4ec3d2311933,PEPE,Pepe,0xc02aaa39b223fe8d0a0e5c4f27ead9083c756cc2,WETH,Wrapped Ether
Ethereum Mainnet,PEPE,Pepe,0x6982508145bb42fba43881cea4d05000e4e5bc19,0xbfcf7a0eb00b685dab96e468855e55ba8aa67faa,0x6982508145bb42fba43881cea4d05000e4e5bc19,PEPE,Pepe,0xc02aaa39b223fe8d0a0e5c4f27ead9083c756cc2,WETH,Wrapped Ether
Ethereum Mainnet,PEPE,PE+PE=PEPE,0x71f2ed27a918e8819cb1d46175eb18e836252789,0x8f2359ced6732b8cb7d981631665acc437ee0115,0x71f2ed27a918e8819cb1d46175eb18e836252789,PEPE,PE+PE=PEPE,0xc02aaa39b223fe8d0a0e5c4f27ead9083c756cc2,WETH,Wrapped Ether
Ethereum Mainnet,PEPE,PEPE 2.0,0x7421136a4c0afb3f2991c3681a773cffa5c914ac,0xbb75df67e5ccb1d54c22dd26c67454deba351730,0x7421136a4c0afb3f2991c3681a773cffa5c914ac,PEPE,PEPE 2.0,0xc02aaa39b223fe8d0a0e5c4f27ead9083c756cc2,WETH,Wrapped Ether
Ethereum Mainnet,PEPE,PEPE,0x80d2de0c671130785abf3957789113e109973ad6,0xe94743b1c1b30d38835c5d88fd7a13fca4343c98,0x80d2de0c671130785abf3957789113e109973ad6,PEPE,PEPE,0xc02aaa39b223fe8d0a0e5c4f27ead9083c756cc2,WETH,Wrapped Ether
Ethereum Mainnet,PEPE,PEPEFinance,0x9c9093f71e462ae9b6b4648ed879a2fb1668a4d3,0x678dc20170365eeafc26ca737af40c9bad665c58,0x9c9093f71e462ae9b6b4648ed879a2fb1668a4d3,PEPE,PEPEFinance,0xc02aaa39b223fe8d0a0e5c4f27ead9083c756cc2,WETH,Wrapped Ether
Ethereum Mainnet,PEPE,Pepe Coin,0x9e57d3ba2130f93ea905c1c2231be333fe7b11f3,0x09ad1c3f748bc9cc6ab68fe74184fd0693423380,0x9e57d3ba2130f93ea905c1c2231be333fe7b11f3,PEPE,Pepe Coin,0xc02aaa39b223fe8d0a0e5c4f27ead9083c756cc2,WETH,Wrapped Ether
Ethereum Mainnet,PEPE,Pepe Token,0x9ff805eafda74627e8fa5aaf4f10feb420e73233,0x765634a5b1df3c48726cd39fe9d1bb16d6df14f3,0x9ff805eafda74627e8fa5aaf4f10feb420e73233,PEPE,Pepe Token,0xc02aaa39b223fe8d0a0e5c4f27ead9083c756cc2,WETH,Wrapped Ether
Ethereum Mainnet,PEPE,This is Pepe,0xa30edba44cece11c0b9003b8760a7845ad7b7e9b,0xd289445520397a351aa7cd9654a658ca67e23cf5,0xa30edba44cece11c0b9003b8760a7845ad7b7e9b,PEPE,This is Pepe,0xc02aaa39b223fe8d0a0e5c4f27ead9083c756cc2,WETH,Wrapped Ether
Ethereum Mainnet,PEPE,PEPE,0xa57ed6e54be8125bbe45d6ca330e45ebb71ef11e,0xc5085190c75ab395d97a9c4637212887f9965ff1,0xa57ed6e54be8125bbe45d6ca330e45ebb71ef11e,PEPE,PEPE,0xc02aaa39b223fe8d0a0e5c4f27ead9083c756cc2,WETH,Wrapped Ether
Ethereum Mainnet,PEPE,The Pepe Road,0xb389e1ab900c80ce251ba231cc71b8c015d4d312,0xbd62ee9e7894cd2c362ed6f13c61b8558f1eefbe,0xb389e1ab900c80ce251ba231cc71b8c015d4d312,PEPE,The Pepe Road,0xc02aaa39b223fe8d0a0e5c4f27ead9083c756cc2,WETH,Wrapped Ether
Ethereum Mainnet,PEPE,Pepe,0xbc6a12feb183b0dcb9e4728ee1bf0424f621e932,0xd277f86a02019265c5873a7b07a151f9b04ad6c5,0xbc6a12feb183b0dcb9e4728ee1bf0424f621e932,PEPE,Pepe,0xc02aaa39b223fe8d0a0e5c4f27ead9083c756cc2,WETH,Wrapped Ether
Ethereum Mainnet,PEPE,Pepe Token,0xbdb5300780789b899915b67ca2234b29f010dee1,0xd9f908ac32f8cea5f0811ad3c64ffcff8687b334,0xbdb5300780789b899915b67ca2234b29f010dee1,PEPE,Pepe Token,0xc02aaa39b223fe8d0a0e5c4f27ead9083c756cc2,WETH,Wrapped Ether
Ethereum Mainnet,PEPE,pepereum,0xbdbe85fe7df19ea9828348dda965f7fd02925921,0x5a00883ca4755faa45120ab694b0e4e5b14576ed,0xbdbe85fe7df19ea9828348dda965f7fd02925921,PEPE,pepereum,0xc02aaa39b223fe8d0a0e5c4f27ead9083c756cc2,WETH,Wrapped Ether
Ethereum Mainnet,PEPE,Pepe,0xbe042e9d09cb588331ff911c2b46fd833a3e5bd6,0x757a197b3b17b207d6de3840de09bcf2dfb75b72,0xbe042e9d09cb588331ff911c2b46fd833a3e5bd6,PEPE,Pepe,0xc02aaa39b223fe8d0a0e5c4f27ead9083c756cc2,WETH,Wrapped Ether
Ethereum Mainnet,PEPE,Pepe,0xc08e31eb3ab0c460e43bf746be25f78088d749d8,0x4e76bd5fad1307804c63283dad0895fe62b06a83,0xc02aaa39b223fe8d0a0e5c4f27ead9083c756cc2,WETH,Wrapped Ether,0xc08e31eb3ab0c460e43bf746be25f78088d749d8,PEPE,Pepe
Ethereum Mainnet,PEPE,Pepe Turbo,0xca0685135e7d2c141742edc0a5c6c248c37e897f,0x14ef7e9d426c061b14b63ce46ac5b01ca34b9e85,0xc02aaa39b223fe8d0a0e5c4f27ead9083c756cc2,WETH,Wrapped Ether,0xca0685135e7d2c141742edc0a5c6c248c37e897f,PEPE,Pepe Turbo
Ethereum Mainnet,PEPE,Pepe,0xcf306667b2d948d7a734f64336d9e7c5e7550255,0x56adfc4a80c2fa29f576b5295223babb34efe23d,0xc02aaa39b223fe8d0a0e5c4f27ead9083c756cc2,WETH,Wrapped Ether,0xcf306667b2d948d7a734f64336d9e7c5e7550255,PEPE,Pepe
Ethereum Mainnet,PEPE,PEPE Wealth,0xd616953bbb50054d30e8558c5b6fde11f7d1f963,0x9367dcfb380946161edd5f59ee54bc6327e8a877,0xc02aaa39b223fe8d0a0e5c4f27ead9083c756cc2,WETH,Wrapped Ether,0xd616953bbb50054d30e8558c5b6fde11f7d1f963,PEPE,PEPE Wealth
Ethereum Mainnet,PEPE,Pepe,0xe30213c1cd071cd8fac4bd9561fe565c98d8a32b,0x8f1b59c1b3e9d0a6cc86c05461405f210a33d98f,0xc02aaa39b223fe8d0a0e5c4f27ead9083c756cc2,WETH,Wrapped Ether,0xe30213c1cd071cd8fac4bd9561fe565c98d8a32b,PEPE,Pepe
Ethereum Mainnet,PEPE,Pepe404,0xe3f076512493846a0a6c6ca8c9e910314aa699b7,0x0ef4fd67bcaeb8d522bd80c25481c8a82f4dfc03,0xc02aaa39b223fe8d0a0e5c4f27ead9083c756cc2,WETH,Wrapped Ether,0xe3f076512493846a0a6c6ca8c9e910314aa699b7,PEPE,Pepe404
Ethereum Mainnet,PEPE,PEPE,0xf7b0f3bcd3829d23218c66997ad0f9af6712b0d6,0xb024502e41697403237ac4a4430be7bda7c16f72,0xc02aaa39b223fe8d0a0e5c4f27ead9083c756cc2,WETH,Wrapped Ether,0xf7b0f3bcd3829d23218c66997ad0f9af6712b0d6,PEPE,PEPE
Ethereum Mainnet,PEPE,ＰΞＰΣ,0xfb59ee69fb231b98db2bda88b59e38cbd48ad643,0x13362dd57f16dc18d853e9de87811309ea8d3062,0xc02aaa39b223fe8d0a0e5c4f27ead9083c756cc2,WETH,Wrapped Ether,0xfb59ee69fb231b98db2bda88b59e38cbd48ad643,PEPE,ＰΞＰΣ
Ethereum Mainnet,PEPE,SafePepe,0xfd9853aec923c9562cbaeadea19c2bb813f884de,0x62f5feb26215708dac6c853615bf5cd26488a2a3,0xc02aaa39b223fe8d0a0e5c4f27ead9083c756cc2,WETH,Wrapped Ether,0xfd9853aec923c9562cbaeadea19c2bb813f884de,PEPE,SafePepe
Ethereum Mainnet,PEPE,Pepe The Frog Coin,0xfe775709a234cb44c389d1a2ff23f99ba094e757,0xb7887e4f1910bc2df3b9a3312e0c7e72c19681af,0xc02aaa39b223fe8d0a0e5c4f27ead9083c756cc2,WETH,Wrapped Ether,0xfe775709a234cb44c389d1a2ff23f99ba094e757,PEPE,Pepe The Frog Coin
Ethereum Mainnet,ICP,ICP token on Ethereum,0x054b8f99d15cc5b35a42a926635977d62692f25b,0xd62c876e09b238480995a92f9364ecdef083c36f,0x054b8f99d15cc5b35a42a926635977d62692f25b,ICP,ICP token on Ethereum,0xc02aaa39b223fe8d0a0e5c4f27ead9083c756cc2,WETH,Wrapped Ether
Ethereum Mainnet,ICP,Dfinity,0x451aa8dccb0dc7f4ca2a9fd3655be8e45ba43a85,0x83e32c25dc01946f4e14f49ac9e94f8956bb8658,0x451aa8dccb0dc7f4ca2a9fd3655be8e45ba43a85,ICP,Dfinity,0xc02aaa39b223fe8d0a0e5c4f27ead9083c756cc2,WETH,Wrapped Ether
Ethereum Mainnet,ICP,The Internet Computer,0x7a1b3b2bfb687a26328e623441edaea69df3def5,0x481bdc1c54b9992052ad294f491dd7005c3253bc,0x7a1b3b2bfb687a26328e623441edaea69df3def5,ICP,The Internet Computer,0xc02aaa39b223fe8d0a0e5c4f27ead9083c756cc2,WETH,Wrapped Ether
Ethereum Mainnet,ICP,MiladyTupacShakurBiggieSmallsAK47inu,0xe7490219637b012c7fcf131c9ee5521338c471ea,0x5a075e8725861b9536823f5270921c502d3179b3,0xc02aaa39b223fe8d0a0e5c4f27ead9083c756cc2,WETH,Wrapped Ether,0xe7490219637b012c7fcf131c9ee5521338c471ea,ICP,MiladyTupacShakurBiggieSmallsAK47inu
Ethereum Mainnet,ICP,DFINITY,0xed1588721a6b3dc54364d0303c067726590e2b70,0xbce0f1bf144769288be1b2276c812d01c97f34f5,0xc02aaa39b223fe8d0a0e5c4f27ead9083c756cc2,WETH,Wrapped Ether,0xed1588721a6b3dc54364d0303c067726590e2b70,ICP,DFINITY
Ethereum Mainnet,KAS,Kaspa,0x112b08621e27e10773ec95d250604a041f36c582,0x0583cb555429ec3f56dad4320bb51c4779c16e07,0x112b08621e27e10773ec95d250604a041f36c582,KAS,Kaspa,0xa0b86991c6218b36c1d19d4a2e9eb0ce3606eb48,USDC,USD Coin
Ethereum Mainnet,KAS,Kaspa,0x112b08621e27e10773ec95d250604a041f36c582,0x6916f79669f745aebd82433583c85665bfae6fbb,0x112b08621e27e10773ec95d250604a041f36c582,KAS,Kaspa,0xc02aaa39b223fe8d0a0e5c4f27ead9083c756cc2,WETH,Wrapped Ether
Ethereum Mainnet,KAS,Kaspa,0x112b08621e27e10773ec95d250604a041f36c582,0x861e2f8fb95eb8f0f410d29a19efb97968c0b4a6,0x112b08621e27e10773ec95d250604a041f36c582,KAS,Kaspa,0xdac17f958d2ee523a2206206994597c13d831ec7,USDT,Tether USD
Ethereum Mainnet,KAS,Kaspa,0x112b08621e27e10773ec95d250604a041f36c582,0xb02045ad2ca16e8f4675088140e369260bb280c8,0x112b08621e27e10773ec95d250604a041f36c582,KAS,Kaspa,0xc02aaa39b223fe8d0a0e5c4f27ead9083c756cc2,WETH,Wrapped Ether
Ethereum Mainnet,KAS,Kaspa,0x112b08621e27e10773ec95d250604a041f36c582,0xe637bfc08d3805a3f1d9b1af28b5e4d74cc73f75,0x112b08621e27e10773ec95d250604a041f36c582,KAS,Kaspa,0xa0b86991c6218b36c1d19d4a2e9eb0ce3606eb48,USDC,USD Coin
Ethereum Mainnet,RNDR,Render Token,0x6de037ef9ad2725eb40118bb1702ebb27e4aeb24,0x4628a0a564debfc8798eb55db5c91f2200486c24,0x6de037ef9ad2725eb40118bb1702ebb27e4aeb24,RNDR,Render Token,0xc02aaa39b223fe8d0a0e5c4f27ead9083c756cc2,WETH,Wrapped Ether
Ethereum Mainnet,RNDR,Render Token,0x6de037ef9ad2725eb40118bb1702ebb27e4aeb24,0x5ceb525693dd871d8549dc0e7f01e122e7e1ee10,0x6de037ef9ad2725eb40118bb1702ebb27e4aeb24,RNDR,Render Token,0xdac17f958d2ee523a2206206994597c13d831ec7,USDT,Tether USD
Ethereum Mainnet,RNDR,Render Token,0x6de037ef9ad2725eb40118bb1702ebb27e4aeb24,0x6882d07e45cb8f9eed3c6cedf4288e1ae0021b49,0x6de037ef9ad2725eb40118bb1702ebb27e4aeb24,RNDR,Render Token,0xa0b86991c6218b36c1d19d4a2e9eb0ce3606eb48,USDC,USD Coin
Ethereum Mainnet,RNDR,Render Token,0x6de037ef9ad2725eb40118bb1702ebb27e4aeb24,0xe936f0073549ad8b1fa53583600d629ba9375161,0x6de037ef9ad2725eb40118bb1702ebb27e4aeb24,RNDR,Render Token,0xc02aaa39b223fe8d0a0e5c4f27ead9083c756cc2,WETH,Wrapped Ether
Ethereum Mainnet,XLM,BenjaminNetanyahuGazaHamasIronDome,0x7cc383dd532a2d4ccb3aa8f49e70738fb043c1c3,0x5c6312f8a1113f6f0bb495bc30f0893cf0a5dc01,0x7cc383dd532a2d4ccb3aa8f49e70738fb043c1c3,XLM,BenjaminNetanyahuGazaHamasIronDome,0xc02aaa39b223fe8d0a0e5c4f27ead9083c756cc2,WETH,Wrapped Ether
Ethereum Mainnet,ARB,Arbitrum,0x2933a853300d29dd5985232f94f356da52f355c6,0x10cbf21c7fafd49e2bac416a25a97f98720d0141,0x2933a853300d29dd5985232f94f356da52f355c6,ARB,Arbitrum,0xc02aaa39b223fe8d0a0e5c4f27ead9083c756cc2,WETH,Wrapped Ether
Ethereum Mainnet,ARB,ARB coin,0x8ff9aa1f807c01b8a9282c3599f2c8198334197a,0x33077f46af71cd18cb68d6f53b629479178a7639,0x8ff9aa1f807c01b8a9282c3599f2c8198334197a,ARB,ARB coin,0xdac17f958d2ee523a2206206994597c13d831ec7,USDT,Tether USD
Ethereum Mainnet,ARB,Arbitrum,0xb50721bcf8d664c30412cfbc6cf7a15145234ad1,0x42eac65b1caa73e9d06584708ef2c0642b9ac559,0xa0b86991c6218b36c1d19d4a2e9eb0ce3606eb48,USDC,USD Coin,0xb50721bcf8d664c30412cfbc6cf7a15145234ad1,ARB,Arbitrum
Ethereum Mainnet,ARB,Arbitrum,0xb50721bcf8d664c30412cfbc6cf7a15145234ad1,0x54bd913f4ea7359a2eedc8f5995e3e528a3d58d2,0xb50721bcf8d664c30412cfbc6cf7a15145234ad1,ARB,Arbitrum,0xdac17f958d2ee523a2206206994597c13d831ec7,USDT,Tether USD
Ethereum Mainnet,ARB,Arbitrum,0xb50721bcf8d664c30412cfbc6cf7a15145234ad1,0x59354356ec5d56306791873f567d61ebf11dfbd5,0xb50721bcf8d664c30412cfbc6cf7a15145234ad1,ARB,Arbitrum,0xc02aaa39b223fe8d0a0e5c4f27ead9083c756cc2,WETH,Wrapped Ether
Ethereum Mainnet,ARB,Arbitrum,0xb50721bcf8d664c30412cfbc6cf7a15145234ad1,0x755e5a186f0469583bd2e80d1216e02ab88ec6ca,0xb50721bcf8d664c30412cfbc6cf7a15145234ad1,ARB,Arbitrum,0xc02aaa39b223fe8d0a0e5c4f27ead9083c756cc2,WETH,Wrapped Ether
Ethereum Mainnet,ARB,Arbitrum,0xb50721bcf8d664c30412cfbc6cf7a15145234ad1,0x99396f87128b1cdfd81cd184500b34e407a73a09,0x6b175474e89094c44da98b954eedeac495271d0f,DAI,Dai Stablecoin,0xb50721bcf8d664c30412cfbc6cf7a15145234ad1,ARB,Arbitrum
Ethereum Mainnet,ARB,Arbitrum,0xb50721bcf8d664c30412cfbc6cf7a15145234ad1,0xebd785b899b3ddcde792d04e3d849d10d5db7555,0xa0b86991c6218b36c1d19d4a2e9eb0ce3606eb48,USDC,USD Coin,0xb50721bcf8d664c30412cfbc6cf7a15145234ad1,ARB,Arbitrum
Ethereum Mainnet,ARB,Australian rabbit,0xc0e348b6b1c08689d37d894e5fa0f29c740811ca,0xc4c73b403c474f7bb4f0d5ccc05cf29e7fd43681,0xc0e348b6b1c08689d37d894e5fa0f29c740811ca,ARB,Australian rabbit,0xdac17f958d2ee523a2206206994597c13d831ec7,USDT,Tether USD
Ethereum Mainnet,ARB,ARB token,0xc8ed07a64a3b69ea4897794f8273a30e02feb500,0x4cc1e6065aa6ce2cf96b293ee09e4d2c63a36d7d,0xc02aaa39b223fe8d0a0e5c4f27ead9083c756cc2,WETH,Wrapped Ether,0xc8ed07a64a3b69ea4897794f8273a30e02feb500,ARB,ARB token
Ethereum Mainnet,ARB,ARB token,0xc8ed07a64a3b69ea4897794f8273a30e02feb500,0x5a7b8c9b1b7093d5b7bc0c11fea3683095ae338c,0xc8ed07a64a3b69ea4897794f8273a30e02feb500,ARB,ARB token,0xdac17f958d2ee523a2206206994597c13d831ec7,USDT,Tether USD
Ethereum Mainnet,ARB,ARBITRUM,0xfb12b89de65758ce1ce05406473794322a16ca34,0x7e9308c1fcf663ac08d9c0dda6c4353e5fdb1cde,0xdac17f958d2ee523a2206206994597c13d831ec7,USDT,Tether USD,0xfb12b89de65758ce1ce05406473794322a16ca34,ARB,ARBITRUM
Ethereum Mainnet,OKB,OKB,0x75231f58b43240c9718dd58b4967c5114342a86c,0x6368172f9df8ff70ac7e2fc6b30cb964158d0090,0x75231f58b43240c9718dd58b4967c5114342a86c,OKB,OKB,0xdac17f958d2ee523a2206206994597c13d831ec7,USDT,Tether USD
Ethereum Mainnet,OKB,OKB,0x75231f58b43240c9718dd58b4967c5114342a86c,0x71421a3c789aed89c2dca691d67ef0f26ffa6779,0x75231f58b43240c9718dd58b4967c5114342a86c,OKB,OKB,0xc02aaa39b223fe8d0a0e5c4f27ead9083c756cc2,WETH,Wrapped Ether
Ethereum Mainnet,CRO,Crown 2.0,0x809e427fad772042e2507a144634aecbd559f7f1,0xa3524cc509338fff7ffa684b210ef8a03ad771de,0x809e427fad772042e2507a144634aecbd559f7f1,CRO,Crown 2.0,0xc02aaa39b223fe8d0a0e5c4f27ead9083c756cc2,WETH,Wrapped Ether
Ethereum Mainnet,CRO,CRO,0xa0b73e1ff0b80914ab6fe0444e65848c4c34450b,0x552de0b5d94e4187e8d0cff4fedec1aec8cf8d56,0xa0b73e1ff0b80914ab6fe0444e65848c4c34450b,CRO,CRO,0xc02aaa39b223fe8d0a0e5c4f27ead9083c756cc2,WETH,Wrapped Ether
Ethereum Mainnet,CRO,CRO,0xa0b73e1ff0b80914ab6fe0444e65848c4c34450b,0x87b1d1b59725209879cc5c5adeb99d8bc9eccf12,0xa0b73e1ff0b80914ab6fe0444e65848c4c34450b,CRO,CRO,0xc02aaa39b223fe8d0a0e5c4f27ead9083c756cc2,WETH,Wrapped Ether
Ethereum Mainnet,CRO,CRO,0xa0b73e1ff0b80914ab6fe0444e65848c4c34450b,0xc43b82d4db82003fd433e650f957bf605e5b6d11,0xa0b73e1ff0b80914ab6fe0444e65848c4c34450b,CRO,CRO,0xa0b86991c6218b36c1d19d4a2e9eb0ce3606eb48,USDC,USD Coin
Ethereum Mainnet,IMX,Impermax,0x7b35ce522cb72e4077baeb96cb923a5529764a00,0xac613105f750f69ed2219d09f6591b0ebe74e78a,0x7b35ce522cb72e4077baeb96cb923a5529764a00,IMX,Impermax,0xc02aaa39b223fe8d0a0e5c4f27ead9083c756cc2,WETH,Wrapped Ether
Ethereum Mainnet,IMX,Immutable X,0xf57e7e7c23978c3caec3c3548e3d615c346e79ff,0x74f348329abf45ea4947a6ca467b4a4248413e8a,0xa0b86991c6218b36c1d19d4a2e9eb0ce3606eb48,USDC,USD Coin,0xf57e7e7c23978c3caec3c3548e3d615c346e79ff,IMX,Immutable X
Ethereum Mainnet,IMX,Immutable X,0xf57e7e7c23978c3caec3c3548e3d615c346e79ff,0x81fbbc40cf075fd7de6afce1bc72eda1bb0e13aa,0xc02aaa39b223fe8d0a0e5c4f27ead9083c756cc2,WETH,Wrapped Ether,0xf57e7e7c23978c3caec3c3548e3d615c346e79ff,IMX,Immutable X
Ethereum Mainnet,IMX,Immutable X,0xf57e7e7c23978c3caec3c3548e3d615c346e79ff,0xd9e87e4bb08a791dbc9df4f7e86865eb3553e3c9,0xdac17f958d2ee523a2206206994597c13d831ec7,USDT,Tether USD,0xf57e7e7c23978c3caec3c3548e3d615c346e79ff,IMX,Immutable X
Ethereum Mainnet,IMX,Immutable X,0xf57e7e7c23978c3caec3c3548e3d615c346e79ff,0xfd76be67fff3bac84e3d5444167bbc018f5968b6,0xc02aaa39b223fe8d0a0e5c4f27ead9083c756cc2,WETH,Wrapped Ether,0xf57e7e7c23978c3caec3c3548e3d615c346e79ff,IMX,Immutable X
Ethereum Mainnet,MKR,Maker,0x9f8f72aa9304c8b593d555f12ef6589cc3a579a2,0x0cbe2f86e2fd90040ebb557b99f83400bf8f3717,0x9f8f72aa9304c8b593d555f12ef6589cc3a579a2,MKR,Maker,0xdac17f958d2ee523a2206206994597c13d831ec7,USDT,Tether USD
Ethereum Mainnet,MKR,Maker,0x9f8f72aa9304c8b593d555f12ef6589cc3a579a2,0x0f9d9d1cce530c91f075455efef2d9386375df3d,0x9f8f72aa9304c8b593d555f12ef6589cc3a579a2,MKR,Maker,0xa0b86991c6218b36c1d19d4a2e9eb0ce3606eb48,USDC,USD Coin
Ethereum Mainnet,MKR,Maker,0x9f8f72aa9304c8b593d555f12ef6589cc3a579a2,0x2a84e2bd2e961b1557d6e516ca647268b432cba4,0x6b175474e89094c44da98b954eedeac495271d0f,DAI,Dai Stablecoin,0x9f8f72aa9304c8b593d555f12ef6589cc3a579a2,MKR,Maker
Ethereum Mainnet,MKR,Maker,0x9f8f72aa9304c8b593d555f12ef6589cc3a579a2,0x3afdc5e6dfc0b0a507a8e023c9dce2cafc310316,0x9f8f72aa9304c8b593d555f12ef6589cc3a579a2,MKR,Maker,0xc02aaa39b223fe8d0a0e5c4f27ead9083c756cc2,WETH,Wrapped Ether
Ethereum Mainnet,MKR,Maker,0x9f8f72aa9304c8b593d555f12ef6589cc3a579a2,0x5cccad2332292cd5882365bb3584424241ab2210,0x9f8f72aa9304c8b593d555f12ef6589cc3a579a2,MKR,Maker,0xdac17f958d2ee523a2206206994597c13d831ec7,USDT,Tether USD
Ethereum Mainnet,MKR,Maker,0x9f8f72aa9304c8b593d555f12ef6589cc3a579a2,0x886072a44bdd944495eff38ace8ce75c1eacdaf6,0x9f8f72aa9304c8b593d555f12ef6589cc3a579a2,MKR,Maker,0xc02aaa39b223fe8d0a0e5c4f27ead9083c756cc2,WETH,Wrapped Ether
Ethereum Mainnet,MKR,Maker,0x9f8f72aa9304c8b593d555f12ef6589cc3a579a2,0x936198fcac6d8cdec3815f24ba250041f593f6c3,0x9f8f72aa9304c8b593d555f12ef6589cc3a579a2,MKR,Maker,0xa0b86991c6218b36c1d19d4a2e9eb0ce3606eb48,USDC,USD Coin
Ethereum Mainnet,MKR,Maker,0x9f8f72aa9304c8b593d555f12ef6589cc3a579a2,0xb5f8d230523c4bdcd00603ee354921441fde39b4,0x9f8f72aa9304c8b593d555f12ef6589cc3a579a2,MKR,Maker,0xdac17f958d2ee523a2206206994597c13d831ec7,USDT,Tether USD
Ethereum Mainnet,MKR,Maker,0x9f8f72aa9304c8b593d555f12ef6589cc3a579a2,0xc486ad2764d55c7dc033487d634195d6e4a6917e,0x9f8f72aa9304c8b593d555f12ef6589cc3a579a2,MKR,Maker,0xa0b86991c6218b36c1d19d4a2e9eb0ce3606eb48,USDC,USD Coin
Ethereum Mainnet,MKR,Maker,0x9f8f72aa9304c8b593d555f12ef6589cc3a579a2,0xdfdd6dcc53ae970d3a1a19c43197084cdca97dff,0x6b175474e89094c44da98b954eedeac495271d0f,DAI,Dai Stablecoin,0x9f8f72aa9304c8b593d555f12ef6589cc3a579a2,MKR,Maker
Ethereum Mainnet,MKR,Maker,0x9f8f72aa9304c8b593d555f12ef6589cc3a579a2,0xe8c6c9227491c0a8156a0106a0204d881bb7e531,0x9f8f72aa9304c8b593d555f12ef6589cc3a579a2,MKR,Maker,0xc02aaa39b223fe8d0a0e5c4f27ead9083c756cc2,WETH,Wrapped Ether
Ethereum Mainnet,SUI,SUI Network,0x5c839a10cba8db5122179b05c2135ac8f41038ce,0xb9ae6510f0582f5f54338b3c4c949ff893c4dc48,0x5c839a10cba8db5122179b05c2135ac8f41038ce,SUI,SUI Network,0xc02aaa39b223fe8d0a0e5c4f27ead9083c756cc2,WETH,Wrapped Ether
Ethereum Mainnet,GRT,Graph Token,0xc944e90c64b2c07662a292be6244bdf05cda44a7,0x06b2afb23ca733b5cd4bd0de65a7dd91db6fa5e9,0xc944e90c64b2c07662a292be6244bdf05cda44a7,GRT,Graph Token,0xdac17f958d2ee523a2206206994597c13d831ec7,USDT,Tether USD
Ethereum Mainnet,GRT,Graph Token,0xc944e90c64b2c07662a292be6244bdf05cda44a7,0x0e2c4be9f3408e5b1ff631576d946eb8c224b5ed,0xc02aaa39b223fe8d0a0e5c4f27ead9083c756cc2,WETH,Wrapped Ether,0xc944e90c64b2c07662a292be6244bdf05cda44a7,GRT,Graph Token
Ethereum Mainnet,GRT,Graph Token,0xc944e90c64b2c07662a292be6244bdf05cda44a7,0x46add4b3f80672989b9a1eaf62cad5206f5e2164,0xc02aaa39b223fe8d0a0e5c4f27ead9083c756cc2,WETH,Wrapped Ether,0xc944e90c64b2c07662a292be6244bdf05cda44a7,GRT,Graph Token
Ethereum Mainnet,GRT,Graph Token,0xc944e90c64b2c07662a292be6244bdf05cda44a7,0x4d1fb02fa84eda35881902e8e0fdacc3a873398b,0xa0b86991c6218b36c1d19d4a2e9eb0ce3606eb48,USDC,USD Coin,0xc944e90c64b2c07662a292be6244bdf05cda44a7,GRT,Graph Token
Ethereum Mainnet,GRT,Graph Token,0xc944e90c64b2c07662a292be6244bdf05cda44a7,0x54368140588da94240b93136aa1c485eb502a5cb,0xc944e90c64b2c07662a292be6244bdf05cda44a7,GRT,Graph Token,0xdac17f958d2ee523a2206206994597c13d831ec7,USDT,Tether USD
Ethereum Mainnet,GRT,Graph Token,0xc944e90c64b2c07662a292be6244bdf05cda44a7,0xb06e7ed37cfa8f0f2888355dd1913e45412798c5,0xa0b86991c6218b36c1d19d4a2e9eb0ce3606eb48,USDC,USD Coin,0xc944e90c64b2c07662a292be6244bdf05cda44a7,GRT,Graph Token
Ethereum Mainnet,GRT,Graph Token,0xc944e90c64b2c07662a292be6244bdf05cda44a7,0xeb5c182c42cce1a4ae09884e022ec99918b76267,0x514910771af9ca656af840dff83e8264ecf986ca,LINK,ChainLink Token,0xc944e90c64b2c07662a292be6244bdf05cda44a7,GRT,Graph Token
Ethereum Mainnet,OP,Optimism,0x1df721d242e0783f8fcab4a9ffe4f35bdf329909,0x90a8b8d73644906985d3b09b62754bab8d64ba6f,0x1df721d242e0783f8fcab4a9ffe4f35bdf329909,OP,Optimism,0xc02aaa39b223fe8d0a0e5c4f27ead9083c756cc2,WETH,Wrapped Ether
Ethereum Mainnet,OP,Optimism,0x1df721d242e0783f8fcab4a9ffe4f35bdf329909,0x9d8b5404ee7a00580ac93edb732933c60ddb69d1,0x1df721d242e0783f8fcab4a9ffe4f35bdf329909,OP,Optimism,0xc02aaa39b223fe8d0a0e5c4f27ead9083c756cc2,WETH,Wrapped Ether
Ethereum Mainnet,OP,Optimism Token,0x69221be8c8e769d10385cc8fafbf5349a249c8a9,0x39a58a94b95c8521942de8ffce4d3dc1ffcdd2b9,0x69221be8c8e769d10385cc8fafbf5349a249c8a9,OP,Optimism Token,0xa0b86991c6218b36c1d19d4a2e9eb0ce3606eb48,USDC,USD Coin
Ethereum Mainnet,OP,Optimus Prime,0xf4b4346b0e2220371b87bd140b89e4a4e57c10b7,0xfd08ff5c80ce161b32af87adeedaed1c227c4ded,0xc02aaa39b223fe8d0a0e5c4f27ead9083c756cc2,WETH,Wrapped Ether,0xf4b4346b0e2220371b87bd140b89e4a4e57c10b7,OP,Optimus Prime
Ethereum Mainnet,TAO,Taotesi,0x2e7bca10861e6d1b59801c0af20eea5e3f88ee15,0x71ee6274eef80c28675093425911b5107f69243a,0x2e7bca10861e6d1b59801c0af20eea5e3f88ee15,TAO,Taotesi,0xc02aaa39b223fe8d0a0e5c4f27ead9083c756cc2,WETH,Wrapped Ether
